TIME,Value,time,index_All_sentiment,index_All_sentiment_(w/o_pos_and_neg),index_Crisis_sentiment,index_Fear_sentiment,index_Hedging_sentiment,index_Negative_sentiment,index_Negative_sentiment_+,index_Opinion_sentiment,index_Positive_sentiment,index_Risk_sentiment
1980-01,11.8,1980-01,10.347428050299,9.189919149757099,0.0,0.298146231957768,6.05938371420053,3.41114365386975,11.1454076711271,2.3676318420175697,2.1922517055718203,1.22766095512022
1980-02,12.1,1980-02,9.793520755977312,8.29060332802893,0.00982298972515274,0.255397732853971,5.147246615980039,3.67379815720712,10.5891829237146,2.43610145183788,2.12176578063299,1.4439794895974498
1980-03,14.2,1980-03,9.06998628164575,7.25598902531659,0.0,0.283437071301429,5.09052980057367,3.15182023287189,9.013298867385462,1.81399725632914,2.2674965704114305,0.96368604242486
1980-04,14.4,1980-04,17.153888133191,12.4948074056576,0.032580984108625,0.7167816503897501,8.66654177289424,6.6628112502138,16.762916323887502,2.72051217307018,4.55319252918034,1.78380887994721
1980-05,12.7,1980-05,18.6583651335609,15.4046997389033,0.0,0.4217714400482021,11.970275155653699,4.75999196625828,18.5579433621208,2.67121912030528,3.3340028118096,1.50632657160072
1980-06,10.3,1980-06,12.0908381018216,9.78020149263284,0.0640065542711573,0.486449812460796,6.771893441888441,4.37804831214716,12.474877427448499,1.9970044932601,2.96350346275458,1.4273461602468005
1980-07,10.2,1980-07,10.538328922128,7.69735084865115,0.0647516370023229,0.3723219127633571,5.22060073331229,4.49214481703615,10.6678321961327,1.60260301580749,2.50103197921472,1.11696573829007
1980-08,11.9,1980-08,13.7119866985518,9.4115956606078,0.0410538523908737,0.5644904703745129,6.394137509878581,5.870700891894949,13.6709328461609,2.1758541767163,3.5101043794197,1.2726694241170802
1980-09,13.0,1980-09,17.213358438212303,13.6755524725002,0.0495491031612327,0.673867802992765,9.077395699137847,6.54048161728274,17.6791200079279,3.4188881181250603,4.09275592111782,2.12070161530076
1980-10,11.7,1980-10,11.992235128024099,9.36116280562151,0.0320862478341782,0.5374446512224861,6.184624270037861,4.73272155554129,12.329140730283001,2.35031765385356,2.77546043765642,1.39575178078675
1980-11,12.7,1980-11,13.1589284311415,10.5402362060387,0.0916542278785974,0.340429989263362,7.358525152538822,4.36012255479613,13.4077041925262,2.08186031895671,2.9984025977426803,1.7414303296933502
1980-12,11.8,1980-12,11.985131822070699,9.73477413742279,0.0359482058250472,0.3522924170854629,6.93800372423412,4.16999187570547,12.423699933136303,2.17127163183285,2.57389153707338,1.30851469203172
1981-01,11.4,1981-01,11.600848085773801,9.135883336493553,0.0517125471876993,0.396462861772361,6.50716218778549,4.55070415251754,12.109354799786198,1.83579542516332,2.2322582869356804,1.16353231172323
1981-02,12.8,1981-02,7.66765058573933,6.04187805552994,0.0230606032653814,0.17295452449035995,3.8280601420533102,3.3322571718476097,8.186514159210411,1.31445438612674,1.78719675306706,1.22221197306521
1981-03,12.3,1981-03,10.3983323735288,7.38103155999317,0.0162220473846004,0.36499606615350894,5.053167760303019,4.436729959688201,10.4388874919903,1.5654275726139295,2.50630632092076,1.06254410369132
1981-04,11.9,1981-04,12.990783075694802,10.396255170912198,0.0544306553450903,0.399158139197329,6.64053995210102,4.84432832571303,13.5713767327091,2.57638435300094,3.4654183903040803,1.85064228173307
1981-05,12.7,1981-05,29.28268577521,21.8690337457538,0.0743844685229724,0.8430239765936859,16.9844536460786,9.27326374253056,28.3652773300934,3.37209590637474,7.289677915251289,2.35550816989412
1981-06,13.0,1981-06,14.518631889973,12.5417171523924,0.0212571477159194,0.829028760920859,8.65165912037922,4.782858236081879,15.645260718916699,2.21074336245562,3.6562294071381496,2.3170291010352204
1981-07,12.8,1981-07,14.3261599393536,13.397899036155698,0.0,0.556956541918714,8.106811887927961,5.49221034392066,16.5539861070284,3.898695793431,2.8002537246468697,2.8002537246468697
1981-08,13.7,1981-08,12.8988628963582,10.4944146671342,0.025046335721084,0.275509692931924,6.36176927315533,5.30982317286981,14.226318689575699,3.00556028653008,3.1808846365776606,2.35435555778189
1981-09,13.6,1981-09,15.4889283778844,11.9601245163648,0.050411483735995,0.6553492885679351,8.01542591402321,6.1375981448574,16.2955121176603,2.33153112278977,4.0329186988796,2.11728231691179
1981-10,13.9,1981-10,23.6894983607712,19.194839073571305,0.105756689110586,0.987062431698804,13.0256988754538,8.61917016251278,24.8175697112842,4.4241548277928615,6.0633835090069415,3.0140656396517
1981-11,14.0,1981-11,15.372571347235,13.3798306170379,0.0237231039309183,0.521908286480202,9.13339501340355,5.0767442412165185,16.7010651673664,2.94166488743387,2.6095414324010098,2.06391004198989
1981-12,15.4,1981-12,21.5885517386871,16.1914138040153,0.158222284729791,0.826271931366688,10.6184733307549,8.40336134453782,21.5358109771105,3.533631025632,6.2409901198973285,2.9710629021483
1982-01,13.8,1982-01,19.1747163539132,16.934454267337898,0.120444198202972,1.13217546310794,11.032688555392197,6.45580902367933,20.6200467323488,3.75785898393274,5.01047864524366,2.91474959651193
1982-02,14.0,1982-02,15.0057122770015,10.4358906758063,0.0439405923191844,0.6591088847877671,7.6236927673784995,6.19562351700502,14.8738905000439,1.9992969505228897,4.08647508568415,1.4280692503734898
1982-03,15.2,1982-03,19.289287740471398,16.1947496002888,0.103151271339419,0.747846717210789,11.0887616689875,7.16901335808964,20.8623446283975,3.50714322554025,4.667595028108719,2.9398112331734403
1982-04,16.9,1982-04,18.096116405369397,12.911158930218198,0.081975612255354,0.553335382723639,8.7304027051952,7.54175632749258,18.1985859206886,3.3814940055333502,4.50865867404447,1.90593298493698
1982-05,17.1,1982-05,33.8081671415003,27.160493827160398,0.0407000407000407,1.2074345407678702,21.2182878849545,9.82227648894315,33.794600461267,4.35490435490435,7.25817392484059,2.29276895943562
1982-06,15.5,1982-06,17.1402591498068,13.4576040009093,0.0227324391907251,0.70470561491248,10.0704705614912,6.06956126392361,17.3903159809047,2.6369629461241098,3.7508524664696496,1.61400318254148
1982-07,16.5,1982-07,27.4590267750842,20.771588519897602,0.0253312055120703,1.08924183701902,14.3374623198318,10.8417559591661,28.4976062010791,4.83826025280543,5.775514856752031,2.91308863388808
1982-08,14.9,1982-08,11.442080378250502,8.85106382978723,0.0189125295508274,0.397163120567376,6.1843971631205585,4.53900709219858,11.933806146572001,1.72104018912529,2.6855791962174904,1.5508274231678398
1982-09,14.8,1982-09,16.433612606928403,12.750722638768599,0.0440186051971299,0.5282232623655589,9.302598564993461,5.5756899916364695,16.8444529221016,2.65578918022684,3.6095256261646607,1.29121241911581
1982-10,15.6,1982-10,21.4152389840678,16.43223785081,0.0833277781481234,0.8832744483701078,11.09926004933,8.41610559296047,22.3318445436972,3.69975334977668,5.1329911339244,2.46650223318445
1982-11,15.4,1982-11,25.3079665384208,21.4076453354982,0.0176485122304189,0.882425611520948,14.5423740778652,8.68306801736614,26.9845752003106,5.5769298648123895,5.82400903603826,2.64727683456284
1982-12,14.7,1982-12,29.7547816562886,22.0067744356326,0.141979189907307,0.8518751394438471,15.840821045372401,10.952680364277999,29.7750643977039,4.36078940429588,7.484331582256651,2.61647364257753
1983-01,13.6,1983-01,16.6904644772681,13.4507625298472,0.107990064914027,0.6119437011794909,9.191154413793921,6.03544473908399,17.3504037628538,2.86773616827252,3.4916787655535604,1.97981785675717
1983-02,13.7,1983-02,17.7423502185651,14.174595011571,0.0321419388017485,0.433916173823605,9.41758806891231,6.41231679094883,18.465543841604397,3.8731036256106894,4.8052198508614,1.92851632810491
1983-03,14.0,1983-03,14.2095141964619,10.4330725790311,0.104417740574123,0.426372440677671,7.18742114285216,5.6037520774779415,14.340036372179501,2.34939916291777,3.68072535523785,1.4705498464189
1983-04,13.4,1983-04,14.5919744140722,11.3037829193943,0.0499725151166858,0.499725151166858,7.89565738843636,5.34705911748538,14.6219579231422,2.43865873769426,3.498076058168,1.65908750187396
1983-05,13.7,1983-05,20.7137577676591,16.6531312449242,0.0547500205312577,0.848625318234494,12.364379636642301,7.09925266221974,21.3251329969248,2.99300112237542,4.54425170409439,1.90712571517214
1983-08,13.0,1983-08,21.255872579351397,18.0474389824682,0.0,1.48962988426721,10.9430503036553,7.90649707803368,22.4017417210955,5.04182422367365,5.3855849661968485,2.864672854360029
1983-09,13.1,1983-09,23.295366695871703,17.8065247642117,0.0,0.8246147502963449,12.4722980982322,8.16883987012318,23.7334432819666,3.86538164201412,5.07653455651188,2.34499819615523
1983-10,13.2,1983-10,14.4215645945749,11.3485130786168,0.0,0.629128656810317,7.9850944902848,5.46857986304353,14.9297069712294,2.6133036513659302,3.55699663658141,1.42763810583879
1983-11,13.0,1983-11,21.809002944888395,15.784602440050499,0.0673117374842238,1.07698779974758,11.039124947412699,9.27219183845183,22.1119057635675,3.18047959612957,6.074884307951192,2.5578460244005
1983-12,12.6,1983-12,23.2197493608281,17.4567249256045,0.0209564524917222,1.02686617209438,12.322394065132599,8.8645794039985,23.5550526006957,3.688335638543101,5.7839808877153205,2.66146946644871
1984-01,13.0,1984-01,23.184340872471104,18.5295697320522,0.0298382765411469,0.8653100196932622,12.919973742316596,7.9369815599450995,23.8706212329175,3.67010801456108,5.84830220206481,2.7749597183266603
1984-02,13.1,1984-02,19.8765456761022,15.222037995165696,0.0,0.958868535128548,10.2279310413711,8.52993467708103,20.9153199224914,3.67566271799276,4.015261990850791,2.83665274975528
1984-03,13.4,1984-03,36.077193565357,27.826231414569307,0.0276877924523077,1.7443309244953895,19.4091425090677,14.453027660104599,36.90782733892621,6.949635905529242,8.14021098097848,3.98704211313232
1984-04,13.3,1984-04,30.8752584424535,22.6510452561452,0.153151083543916,1.17926334328815,15.6520407381882,11.853893866299,30.737422467264,5.207136840493138,8.08637721111876,3.13959721265027
1984-05,12.9,1984-05,43.895662910943,32.1345886710912,0.0926068837783608,1.6669239080104898,20.466121315017702,18.5522457169316,44.266090446056396,8.705047075165911,11.668467356073403,5.3711992591449205
1984-06,12.6,1984-06,25.8644925499015,19.030730304275398,0.10812914945611,1.12454315434354,13.710776151034803,10.4452758374602,26.4267641270733,3.89264938041997,6.466123137475389,2.53022209727298
1984-07,12.6,1984-07,23.967045312695,16.9017600798901,0.0,1.19835226563475,11.658968917738099,9.61178379727874,23.2929721632755,4.24416427412308,6.565971788790409,2.27187617026588
1984-08,12.6,1984-08,22.682021202174,17.139320884679506,0.026906312220847,0.780283054404563,12.726685680460598,7.695205295162232,22.3591454555238,3.7399773986977296,5.54270031749448,2.12559866544691
1984-09,13.3,1984-09,48.4668644906032,39.6746895263215,0.0,2.9673590504451,27.14584020222,19.2328827343664,50.22529948345961,10.6605121441916,10.440707770084598,6.37432684910429
1984-10,13.2,1984-10,29.143897996357,21.7668488160291,0.0,1.6393442622950802,15.8469945355191,12.0218579234972,29.5081967213115,4.6448087431693885,5.2823315118397005,2.73224043715846
1984-11,13.1,1984-11,24.374516378643197,16.9589889089502,0.0,0.838277018313128,12.7676038173845,9.02759865875676,23.0848594273922,3.09517668300232,6.96414753675522,2.25689966468919
1984-12,13.1,1984-12,27.7353878065041,20.1051929772575,0.0592636491591969,1.28898436921253,13.9714052892806,11.023038743610599,27.987258315430694,4.57811689754796,7.8820653381731915,2.5483369138454703
1985-01,12.6,1985-01,21.717588769611893,16.1127167630057,0.0206440957886044,0.9393063583815028,11.168455821635,8.63955408753097,22.0891824938067,3.81915772089182,5.419075144508669,2.3327828241123
1985-02,12.3,1985-02,23.7133053755242,18.6554835430168,0.025416190113102,0.991231414410979,12.708095056551,8.64150463845469,23.5862244249586,4.95615707205489,5.61697801499555,2.71953234210191
1985-03,12.6,1985-03,30.2311327283151,22.9748700001977,0.0197718330466417,1.60151847677798,16.5885679261324,11.2106293374458,30.409079225734896,4.7254680981473705,8.22508254740297,2.68896929434327
1985-04,12.6,1985-04,23.0863068008538,16.651418115279,0.152485513876181,0.91491308325709,11.985361390667801,8.75266849649284,22.4458676425739,3.29368709972552,6.89234522720341,2.04330588594083
1985-05,12.7,1985-05,28.517450531967807,23.665108879387496,0.0198866461171323,0.954559013622352,17.8184349209505,8.27284478472707,29.1538232077161,3.9375559311922,5.78701402008551,2.6648105796957298
1985-06,12.5,1985-06,25.711684079363398,20.0325889006038,0.0239624269145979,1.22208377264449,13.922170037381301,9.39327135052236,26.214895044570003,4.76852295600498,5.7270200325889,2.94737851049554
1985-07,12.6,1985-07,26.3867628835921,19.753626357606198,0.145783220351337,0.9475909322836942,13.703622713025696,10.715066695823301,27.042787375173106,4.15482178001312,7.2891610175668715,2.6969895764997407
1985-08,12.5,1985-08,23.8154863267554,16.8035660623059,0.0751277171191024,0.8264048883101272,12.0705198838024,9.1655814885305,23.489932885906,3.93168386256636,6.66132425122709,2.1035760793348603
1985-09,12.5,1985-09,20.7443808910014,15.487795053572901,0.0402803512446628,0.5639249174252801,11.3993394022395,7.2303230484169685,20.542979134777998,2.49738177716909,5.65938934987512,2.2959800209457795
1985-10,12.5,1985-10,30.9897311050503,23.686185499075602,0.0366092511577675,0.8786220277864208,17.5541359301495,10.2871995753326,30.9897311050503,4.61276564587871,7.24863172923797,2.48942907872819
1985-11,12.4,1985-11,28.9194762841111,20.2508272984509,0.0119898326219365,1.15102393170591,14.9153517816891,11.3064121624862,28.2240659920387,3.59694978658097,7.56558438444198,2.85358016402091
1985-12,12.5,1985-12,13.890866517948899,10.1571028525321,0.0158210324805796,0.395525812014492,7.451706298353031,5.18929865363014,14.3180343949245,1.9459869951113,3.8128688278197,1.07583020867941
1986-01,13.07,1986-01,26.593305823017,18.7383865440768,0.0120659282318588,1.15832911025845,12.970872849248199,11.257511040324301,26.545042110089607,4.50059123048336,7.10683172856488,2.75103163686382
1986-02,13.39,1986-02,18.5003189710167,13.1553992310212,0.0,0.862083829031534,9.00015517508922,8.310488111864,18.9658442386937,3.0690184313522595,5.43112812289867,2.12072621941757
1986-03,13.24,1986-03,20.7313561762165,14.076846786319802,0.0159964168026362,0.815817256934446,9.72582141600281,9.10196116070001,20.715359759413897,2.719390856448149,5.95066705058067,2.35147326998752
1986-04,13.61,1986-04,23.6527629776222,17.772872583346,0.0570863145075354,0.8943522606180542,12.520931648652699,9.228954178718231,23.728878063632198,3.95798447252245,5.6325163647434815,2.64499923884914
1986-05,15.01,1986-05,38.865546218487204,28.1775210084033,0.0262605042016806,1.78571428571428,19.432773109243602,16.3340336134453,39.338235294117496,6.565126050420162,8.9548319327731,3.99159663865546
1986-06,14.26,1986-06,38.140132847653796,27.1344254631163,0.116874768685353,1.81155891462298,19.7518359078247,14.9015330073825,37.2440929543995,5.12301069404133,10.8693534877378,3.33093090753258
1986-07,14.54,1986-07,27.341312609903998,21.3568551818026,0.0567247149583073,1.13449429916614,13.7273810199103,10.891145271994901,27.766747972091302,5.89937035566396,7.43093765953825,3.94236768960235
1986-08,14.47,1986-08,37.592417588526004,25.056979265106396,0.0277947634665629,1.40363555506142,16.537884262604898,18.1777753071321,37.9676468953246,5.89248985491133,9.2139640891656,4.43326477291678
1986-09,14.36,1986-09,24.548095826301694,19.380991318568498,0.0260964874127942,0.913377059447798,12.891664781920301,9.011986986551609,25.2613998155847,4.601680613789379,6.15007220028184,3.05328902729692
1986-10,14.73,1986-10,26.841111410844306,21.022004701529895,0.0192685652626305,1.38733669890939,14.7789895564376,10.019653936567801,27.2842884118848,4.797872750395,6.51277505876912,2.7746733978187903
1986-11,15.15,1986-11,18.5283859717109,16.0821546211974,0.0242201123813214,0.7266033714396429,11.9889556287541,5.52218562294129,19.4971904669638,3.22127494671575,3.77833753148614,1.96182910288703
1986-12,16.87,1986-12,25.388561943564202,17.5418741511996,0.113173381620642,1.0185604345857802,12.147276293949,11.2418892409838,24.9358684170816,4.413761883205071,6.677229515617928,2.75388561943564
1987-01,16.5,1987-01,22.042218949435398,15.733922434953303,0.0245459008345606,0.7609229258713791,11.831124202258199,8.19833087874324,21.2322042218949,2.79823269513991,4.90918016691212,1.9882179675994096
1987-02,15.13,1987-02,24.7986557737992,20.1054522278232,0.0,1.3905788284373302,14.5431369140738,8.74905846225157,25.6098267570543,4.9249666840489015,6.605249435077339,2.66527608783822
1987-03,14.67,1987-03,12.9018768602563,9.97466361646128,0.0245984306201264,0.61496076550316,7.23193860231717,4.7228986790642695,13.1601603817676,2.16466189457112,2.9764101050352902,1.48820505251764
1987-04,14.58,1987-04,29.0565586512017,21.882099724979,0.119574315437044,1.19574315437044,16.1425325840009,10.2833911275857,27.860815496831304,4.78297261748176,8.131053449719,3.4676551476742703
1987-05,14.58,1987-05,29.970735645329494,21.359615190554603,0.0672743785529281,1.17730162467624,14.194893874667802,12.6812203572269,29.9034612667765,5.65104779844596,7.4001816408220895,3.29644454909347
1987-06,14.44,1987-06,23.4630683248578,17.7105885907054,0.0377624490206938,0.9188862595035492,11.6308342983737,9.64201198328385,23.941392679119897,4.49373143346256,5.60142993806958,2.9958209556417
1987-07,14.26,1987-07,59.69184355134149,42.075207412994295,0.21549402004094295,2.69367525051179,29.522680745609303,25.212800344790395,58.6682469561471,9.37398987178105,13.9532377976511,5.76446503609524
1987-08,14.2,1987-08,35.8728557013118,28.4561049445005,0.0,1.96770938446014,17.9112008072653,15.4389505549949,36.62966700302729,8.980827447023211,7.66902119071645,5.600403632694241
1987-09,13.94,1987-09,57.583741061347396,46.292811441475294,0.0,1.1290929619872,33.4964245389537,18.81821603312,58.7128340233346,12.7963869025216,12.4200225818592,3.7636432066240095
1987-10,14.04,1987-10,24.3144481229308,18.099194203260602,0.0468486476357049,1.21806483852832,11.899556499468998,10.025610594040801,24.3300643388094,4.59116746829908,5.84046473858454,3.02954588044225
1987-11,14.92,1987-11,45.389620695127704,33.5661006189493,0.238057451198222,1.5076971909220702,22.5361053800984,19.9968259006507,46.7386129185843,8.80812569433423,9.20488811299794,5.792731312490081
1987-12,15.29,1987-12,31.2778811593463,23.197124576206303,0.0509826913762777,1.2490759387188002,15.1418593387544,13.688852634530498,31.6602513446684,6.117922965153331,6.21988834790588,4.51196818680058
1988-01,14.61,1988-01,16.385755245317302,13.089846994828301,0.0535920040729923,0.8842680672043729,8.62831265575176,6.00230445617514,16.734103271791803,3.20212224336129,3.952410300383181,2.29105817412042
1988-02,14.25,1988-02,17.3779217031646,12.3921895540094,0.0,0.480938792523004,8.33627240373208,7.14995671550866,17.233640065407698,2.7413511173811203,4.45669947737984,2.50088172111962
1988-03,14.24,1988-03,23.1055414137458,17.211670256510597,0.0391619345995692,0.920305463089876,11.161151360877199,10.084198159389,23.4775797924417,5.13021343254357,5.22811826904249,3.38750734286273
1988-04,14.06,1988-04,8.21874085698328,7.02183684868474,0.0,0.186185067957549,5.080192568556,2.8193738862143203,8.59111099289837,1.30329547570284,1.40968694310716,1.27669760885177
1988-05,13.51,1988-05,20.8372830526878,16.873201082366702,0.0517054170041881,0.8617569500698019,12.685062305027401,6.90267317005911,21.371572361731,3.0075317557436003,4.16228606883714,2.25780320918288
1988-06,13.03,1988-06,13.377783931747699,10.7043573657694,0.0213022037129741,0.436695176115969,6.78475188258225,5.44271304866487,14.293778691405599,2.7053798715477098,2.9610063161034,2.07696486201497
1988-07,13.28,1988-07,25.439245097003496,18.3972395338191,0.0528150417238829,1.15312841097144,12.314707228618698,10.5806133586845,25.289602478785802,4.57730361606985,7.04200556318438,3.12488996866307
1988-08,13.35,1988-08,21.407476966208,15.773214115597598,0.0272186611140598,0.8301691639788241,10.669715156711401,8.873283523183481,21.421086296765,3.62008192816995,5.62065352005335,3.0620993753317203
1988-09,13.52,1988-09,19.241352601862896,13.737999633109698,0.0305741831597399,0.794928762153237,8.30598642506267,9.33531725810725,20.219726462974602,3.42430851389087,5.38105623611422,2.8128248506960696
1988-10,13.08,1988-10,12.975986119570901,10.1334514646436,0.0184580172397881,0.590656551673219,6.82946637872159,5.26053491333961,13.732764826402304,1.84580172397881,3.34090112040164,1.99346586189711
1988-11,13.21,1988-11,19.7010764346008,14.2104855571904,0.0387206690931619,0.7511809804073409,8.74312708123596,9.2774723147216,20.6226283590181,3.4074188801982404,5.3589406024936,3.13637419654611
1988-12,11.98,1988-12,18.0001445794745,13.5181808689226,0.0321287721186515,0.682736407521345,8.49806022538333,8.04022522269253,18.907782391826398,3.5341649330516702,4.4899959035815495,2.85946071855998
1989-01,11.49,1989-01,18.9021327681885,13.4507723781406,0.0367507442025701,0.7595153801864479,8.489421910793691,8.121914468767999,19.0368854969313,3.31981722629883,5.32885790937266,2.60930283838247
1989-02,11.29,1989-02,22.343804727224306,14.807299781393,0.0966218582798893,0.712586204814184,9.56556396970904,10.7250262690677,22.7302921603439,3.5508532917859306,5.95432201649817,2.94696667753662
1989-03,11.36,1989-03,17.4360224925406,12.2719187514344,0.0717236630709203,0.745926095937571,7.71029378012393,7.8322240073444815,17.7516066100527,3.0626004131283,4.75527886160201,2.35970851503327
1989-04,11.32,1989-04,23.167124068859806,16.3060911715436,0.0178208646683537,1.06925188010122,9.85493816159959,10.28263891364,23.2205866628648,4.52649962576184,6.43333214527568,3.27903909897708
1989-05,10.99,1989-05,27.7715013454388,19.9556313292114,0.0513526282275126,0.72920732083068,14.5944169422591,9.75699936322739,26.8882361399255,3.77955343754493,7.80559949058192,2.81412402686769
1989-06,11.02,1989-06,10.934093965957,8.7774221974862,0.0115950095079077,0.31306525671351,5.669959649366901,4.39450860349705,11.873289736097501,1.86679653077315,2.28421687305783,1.8320115022494297
1989-07,11.12,1989-07,18.430066603234998,12.930542340627902,0.0380589914367269,0.675547098001903,8.34443387250238,7.9733587059943,18.5442435775452,2.8924833491912403,5.69933396764986,2.84490960989533
1989-08,11.21,1989-08,15.081305033078802,10.881567398710802,0.0377504506460045,0.6700704989665811,6.54026557442029,7.08764710878737,15.5343104408308,2.67084438320482,4.02986060646099,2.70859483385082
1989-09,10.99,1989-09,19.5518407291513,15.9186845034336,0.0,0.819035218514396,10.500451519415302,7.308314257513058,20.433878656782202,3.40214629229056,5.14522124451351,3.0871327467081
1989-10,11.41,1989-10,19.894717361353802,14.764245028891,0.0514075384014311,0.7402685529806089,9.53095761962534,8.2149246365487,20.388229730007602,3.2283934116098703,6.12777857745059,2.82741461207871
1989-11,11.9,1989-11,19.1707843583827,16.1208868468218,0.0396090585916999,0.7426698485943729,10.882588848069501,6.87217166565992,20.4679810272609,3.40637903888619,4.743184766356059,2.72312277817936
1989-12,12.45,1989-12,14.294633455406101,11.117012850260403,0.0186370709979219,0.810712588409605,7.10072405020826,6.01045539682984,14.918975333836501,2.87942746917894,3.63422884459478,2.25508559074855
1990-01,11.95,1990-01,17.5512868003739,12.682789155244999,0.114656647439628,0.679120142527032,8.16708119454587,7.38212414668996,17.5336473161524,2.71648057010813,4.7891199661321915,2.5665449542255296
1990-02,11.55,1990-02,24.477167350774398,19.1491059317902,0.0709226145621858,1.08156987207333,12.2430163387973,9.95576201916684,25.5410065692072,4.91139105843136,6.374169983776442,3.58159203539038
1990-03,11.96,1990-03,11.1754287686658,7.9727489291393105,0.0169753348384796,0.35648203160807296,4.832311984020549,5.0246991121899915,11.611129029520097,1.81070238277116,3.23663050920345,1.78806860298652
1990-04,12.31,1990-04,26.885875806024103,21.221623531490106,0.132497129228866,0.9937284692165,13.6472043105732,10.7653917498454,27.6256514442186,5.39925801607631,6.71318788092924,4.06324529635191
1990-05,11.76,1990-05,22.2164926303123,17.625657112572107,0.0358099494363513,0.852276796585162,11.7528254050105,8.62303582427341,22.8037758010685,4.304355922249431,5.6866199704926,3.0581696818644
1990-06,11.46,1990-06,23.394778182107306,17.2701783690269,0.00994253216409155,1.1732187953628002,11.0163256378134,9.8629919067788,23.722881743522397,4.33494402354391,6.16436994173676,3.40034600011931
1990-07,11.12,1990-07,14.3617357251137,9.71923951490653,0.0631632137443153,0.694795351187468,5.94523749368367,7.05848913592723,14.7565058110157,2.45546993431025,4.01875947448206,2.2028170793329904
1990-08,11.07,1990-08,11.945163132959197,8.17064838771099,0.0392011917162281,0.39201191716228095,5.034553050412732,5.443365478310549,12.1187684105597,1.95445941556623,3.67931185108028,1.6912514140429802
1990-09,10.82,1990-09,23.4953863104256,15.755405591516302,0.165266492218702,0.8814212918330799,10.880044071064502,10.2189781021897,23.0271312491392,3.16760776752513,6.472937611899179,2.56163062938989
1990-10,11.35,1990-10,38.4983719593947,26.6580766484999,0.10447319391966,1.63674670474134,16.6286500322125,17.3599623896501,38.3590743675018,7.8354895439745,10.9000365656178,5.11918650206334
1990-11,11.46,1990-11,12.422943330099699,9.26244641236658,0.083445463174474,0.490242096150035,5.94548925118127,5.486539203721651,12.9653388407338,2.19044340832994,3.32738784408215,1.804508141148
1990-12,11.66,1990-12,13.9498110060542,10.0074731130389,0.0974753874646652,0.6931583108598411,6.13011881166671,6.27091659356011,14.2747289642698,2.39356229218788,3.7473871180860097,2.20944211586574
1991-01,11.51,1991-01,25.292357900462303,16.787400796103498,0.0741711375380127,0.7417113753801271,10.4086829678344,12.2876851187974,25.539595025588998,4.8952950775088295,7.16987662867456,3.75800430192597
1991-02,10.97,1991-02,14.8912205821328,9.757543422846618,0.0592803367123125,0.4860987610409621,5.7857608631217,7.4811784930938305,15.0809176596122,2.6201908826842097,4.43416918608097,2.525342343944509
1991-03,10.71,1991-03,17.970721857647604,12.872286723876801,0.10937237085646903,0.689887262325424,7.9000504795557696,8.39643277805823,18.3072522295137,3.39054349655056,5.12367491166078,2.85209490156486
1991-04,10.41,1991-04,27.460786542396,20.2091384405547,0.0,1.3639463514435,13.048420095476198,11.0934303250738,27.301659468061,5.36485564901113,7.93362127756307,3.5235280745624
1991-05,10.11,1991-05,51.6036886391157,37.3521284192877,0.186294904834352,2.42183376284658,23.7836495171856,21.982798770453602,51.013754773806895,11.1155959884497,13.3821839972676,6.085633557922192
1991-06,10.23,1991-06,16.000756792551,11.872183143797299,0.0743278398302622,0.641922253079537,7.35845614319595,6.84491834073231,16.4872662896218,2.80418668450534,4.48669869520855,2.58796024136276
1991-07,10.41,1991-07,16.426593909240502,12.189543794888198,0.0722224451310034,0.890743489949043,8.04879027404405,6.78088512618865,16.7074589736388,2.39136540544878,4.81482967540022,2.27099466356377
1991-08,10.3,1991-08,17.489543485703198,11.595195213074698,0.14884717860172902,0.476310971525534,7.15954929074319,8.4098655909977,17.7723531250465,3.3192920828185697,4.62914725451379,2.2624771147462903
1991-09,10.54,1991-09,21.0101407896032,15.9889731219848,0.11814512159102,0.6891798759476221,10.1998621640248,8.34892192576549,21.4039578615732,4.1153884020872304,6.379836565915131,3.111154868563549
1991-10,10.46,1991-10,20.1565009048505,13.9729309509851,0.183518976371931,0.8615196390793459,8.737542375041409,9.34927229628118,20.2227716463182,3.52254479647235,5.510667040501598,2.83434863507761
1991-11,10.32,1991-11,20.7152758525089,15.0152481286387,0.0887163848073191,0.7651788189631271,9.52592181868588,8.9381757693374,21.0479622955363,4.1031327973385,5.40060992514555,2.86110341003603
1991-12,10.8,1991-12,25.8070366340224,18.117519042437397,0.0725426187885382,1.07000362713093,12.132752992383,11.2622415669205,25.7889009793252,4.28001450852375,6.03917301414581,3.19187522669568
1992-01,10.62,1992-01,13.3877921488541,9.94465326900879,0.0493286372470674,0.424226280324779,6.08715383628811,5.8602421049516,14.1277217075601,2.4171032251063,3.4135416974970605,2.09153421927565
1992-02,10.53,1992-02,11.1713985278653,7.93270241850682,0.0168243953732912,0.437434279705573,4.8117770767613,5.05573080967401,11.440588853838001,2.0694006309148203,3.27234490010514,1.90115667718191
1992-03,10.36,1992-03,11.1723404115572,8.269239610905679,0.0525448108715213,0.367813676100649,4.801282093385259,5.379275012971998,11.8685591556049,2.19374585388601,3.1395524495734,2.2068820566038903
1992-04,10.35,1992-04,11.775658467114,9.06033016175598,0.0332489180247926,0.338030666585391,6.18429875261142,4.46643798799713,12.124772106374301,1.7954415733388,2.8538654637946896,1.762192655314
1992-05,10.41,1992-05,12.335221292165699,9.97944965164652,0.025061400431056,0.31577364543130604,7.5234324094030285,3.54368202095133,12.420430053631303,1.43852438474261,2.56628740414014,1.5337577063806298
1992-06,10.37,1992-06,17.9356735798486,13.772151239949,0.0520440292487444,0.7676494314189799,9.06867209659372,7.312186109448612,18.5146634052409,3.04457571105154,4.43675349345546,2.7127950245908
1992-07,10.52,1992-07,12.9264179049353,10.2795799529724,0.104642430659001,0.529367590392594,6.3647219589063,5.46602814265841,13.6650703566459,2.59759445518226,3.24391535042903,2.17902473254625
1992-08,11.15,1992-08,30.8832098559893,21.9761924581703,0.0832431532506451,0.665945226005161,13.4853908266045,15.3999833513693,31.382668775493197,6.8259385665529,5.91026388079579,5.16107550153999
1992-09,15.13,1992-09,17.8599435382684,12.7561689669594,0.104558762024257,0.646957340025094,7.89418653283144,8.39084065244666,18.519970723546606,3.41776453366792,4.26076955248849,2.67278335424508
1992-10,12.5,1992-10,12.2532470111609,8.842395837470699,0.0595781864400047,0.407117607340032,5.84859196886046,5.25281010446041,12.551137943361,1.9909043968701496,3.03848750844024,1.72280255789013
1992-11,14.63,1992-11,16.542039143662,12.0754386951279,0.112445885417642,0.674675312505856,7.37145248848991,7.83997701106341,17.2666904052424,3.01729792537341,3.90437102144592,2.69245425638911
1992-12,15.42,1992-12,32.471766516262,23.551811376855007,0.365144362431861,1.5649044104222598,15.3360632221381,14.344957095537401,32.6282569573042,5.581492397172741,8.3722385957591,3.54711666362379
1993-01,10.59,1993-01,13.745602885098501,10.1392296550297,0.0739010907800999,0.635549380708859,6.62153773389695,5.9859883531881,14.1446687753111,2.06923054184279,3.54725235744479,2.12835141446687
1993-02,9.32,1993-02,16.139394666798502,10.667815110031698,0.0776611291928184,0.642469341504225,6.39645300442668,8.03439682012975,16.3441376437614,2.9723032172887702,4.6102470329918495,2.49221623682408
1993-03,8.79,1993-03,17.189349799206,12.4422572483112,0.0812460827781517,0.5222962464309749,7.6023120313842,8.14782144432321,17.816105294923197,3.6444671417628,4.12033705517769,2.9480721465215
1993-04,8.35,1993-04,40.84931305561671,30.894129747997894,0.293879950040408,1.83674968775255,19.1389317463816,17.0817720960987,41.4370729556976,8.63272353243699,10.542943207699599,6.134743957093519
1993-05,7.32,1993-05,15.5934990115418,13.473044125034999,0.0652447657386686,0.5545805087786829,9.41481969608988,4.984700102434281,16.3568627706842,2.77290254389341,3.00778370055262,2.14655279280219
1993-06,6.83,1993-06,39.03624215428221,27.4549503948167,0.30370520348248603,1.86272524802591,18.343794290342103,15.9141526624822,38.0441384895727,6.17533913747722,10.2449888641425,4.332860903016799
1993-07,6.48,1993-07,13.5998997242416,11.019888025403096,0.177571655385643,0.4909334001838379,7.38489178574413,4.75265312943929,14.017715383972499,2.2353137795604505,3.0291635330492097,1.90106125177571
1993-08,5.96,1993-08,13.773179252889,10.2291050792797,0.0587879602257457,0.3359312012899749,6.97897070679924,5.433687180865362,13.949543133566198,2.39350980919107,2.83861865090029,1.88961300725611
1993-09,6.34,1993-09,14.560597695208301,11.3242566988147,0.117471542518824,0.6343463296016529,8.21713439919179,5.409564532991871,14.7309314318605,2.39641946738402,2.8251905975777296,1.62110728675978
1993-10,6.18,1993-10,14.4475162757513,10.995640564261,0.0681981523546723,0.5875533125940989,7.21851212615609,5.98045336033281,14.7832610258051,2.58103776603836,3.2630192895850896,2.04069855892058
1993-11,5.45,1993-11,24.867083053734607,18.3244722035823,0.15485469467816002,1.03236463118773,11.6011975429721,10.6720693749032,24.8412739379549,5.29086873483714,6.12966499767718,3.58746709337738
1993-12,5.57,1993-12,26.727286562167002,20.4497032415157,0.0760919190381981,1.40770050220666,13.239993912646401,11.3186729569319,27.545274691827608,6.04930756353675,5.49764115050982,3.46218231623801
1994-01,5.36,1994-01,22.988505747126304,16.578937945357403,0.131294684952435,0.8593833924159409,10.730356524749,9.632255523328661,22.9646339862258,4.595313973335241,5.39501796350008,2.72138074265048
1994-02,5.09,1994-02,16.9812713804051,12.8590062264661,0.0369158073487067,0.959810991066374,8.60138311224866,7.001698127138032,17.3258189156597,3.29781212315113,3.80232815691678,2.26416951738734
1994-03,5.25,1994-03,26.686232947442605,20.5581825099189,0.095113864883961,1.6576987879776002,12.8947225392684,11.4883961084841,27.005543779552998,5.97858579270612,5.70003804554595,4.05592695255177
1994-04,5.46,1994-04,19.908049586921,15.868861612011099,0.11341132542943598,0.706639796906487,10.634492746037099,7.17108534638434,20.492554110288104,4.03046402679996,4.37069800308827,2.45142941889781
1994-05,5.15,1994-05,21.989863963723607,16.271005601493698,0.0426780474793278,0.7788743664977321,10.882902107228501,8.951720458788989,22.3846359029074,3.744998666311009,5.07868765004,2.7954121098959703
1994-06,5.43,1994-06,35.3970643582988,24.068498306360503,0.17877305231464002,1.6842303349642398,15.910801656003,15.6661648475724,34.9077907414377,6.40760255927737,9.39969890854346,4.0647346631539305
1994-07,5.53,1994-07,19.2187089073658,14.585988549695498,0.141611539317432,0.687827476684671,10.115109951245099,6.837814327041731,19.2187089073658,3.58074892274078,4.45064837854787,1.90164067083409
1994-08,5.86,1994-08,19.234585616804303,13.8916451676919,0.0915932648419252,0.809073839437006,8.51817363029904,9.06773321935059,19.7230830292945,3.98430702062374,3.93851038820278,2.90045338666096
1994-09,6.68,1994-09,17.918510430435,13.918740302281401,0.0919487385782426,0.6206539854031371,9.50520085052583,7.06855927820241,18.194356646169695,3.28716740417217,3.52853284294005,2.4481351646457004
1994-10,6.89,1994-10,23.025346565960607,16.2916543898355,0.11498300407471003,0.783321715258963,10.0610128565371,10.2550466759132,22.9462957506593,4.80054042011915,5.770709516999509,3.1979648008278705
1994-11,7.27,1994-11,26.200205591756,18.0699861522908,0.0934507981547715,1.12140957785725,11.936215582495803,12.276036666695001,25.8943666159767,4.81696386852322,5.59005683507632,3.46617505883152
1994-12,6.24,1994-12,19.3444077205934,14.522613784321196,0.0572319755047144,0.6867837060565729,10.0012877194488,7.783548668641161,19.7450315491265,3.9490063098252897,3.69146242005408,2.0746591120459
1995-01,5.76,1995-01,17.1312595783457,12.5336536470198,0.0911237211614132,0.6047301495257421,7.95261566499606,7.231909870355801,17.4874704883403,3.3550097336702103,3.67808474506068,2.17868533322288
1995-02,5.46,1995-02,11.9285922725247,8.063318810826841,0.0921522149808784,0.36860885992351294,4.68440426152798,5.62128511383357,12.128255404983301,2.40107715700177,2.9232730418934203,1.64850073465793
1995-03,5.39,1995-03,10.5797765103983,8.11175669487543,0.0892055355008296,0.309245856402875,5.28096770164911,3.91909652633644,10.734399438599802,2.14687988771996,2.1349858163198503,1.36781821101272
1995-04,5.36,1995-04,14.918607859367,11.7259863623822,0.0,0.413858342201726,8.020968822671549,5.26191320799338,15.4211501320405,2.64081037404911,3.1926214969847404,1.7441172992787
1995-05,5.67,1995-05,19.679300291545104,14.802217183169502,0.10797969981643403,0.575891732354317,9.98812223302018,7.36961451247164,19.9222546161321,3.9052658100277102,3.78828780189324,2.36655508764352
1995-06,5.79,1995-06,15.277809758456302,11.8526790854037,0.0748347878145939,0.598678302516751,7.063252665269752,6.579704805544679,15.9455663266481,3.44240023947132,3.51147850514633,2.57892191853369
1995-07,5.62,1995-07,11.3758393221698,8.66758711839605,0.0472026527890867,0.42482387510178,5.741022645472668,4.39574704098369,11.653154907305698,2.11231871231163,2.33653131305979,1.6284915212234898
1995-08,5.34,1995-08,10.5224107112745,7.58265600935326,0.0168628376783245,0.4215709419581121,4.36747495868604,4.92956954796352,10.9214978696615,2.321450653716,2.67557024496081,1.93922633300731
1995-09,5.36,1995-09,11.8117617648896,8.64008499468781,0.0677041018269691,0.380184571797596,5.4371601774889005,4.85907130804324,11.9836260233735,2.29152344645126,3.07272462137783,1.66656250651
1995-10,5.34,1995-10,13.982407380877302,9.83496174894702,0.028652474141142,0.3724821638348471,6.2319131256984015,5.9883670954987,14.082691040371301,2.686169450732069,2.97269419214349,1.84808458210366
1995-11,5.22,1995-11,20.6142560292173,14.6007808072539,0.0550972860651092,0.9602669857061898,8.95724450601347,9.476733203198801,20.732321642213897,4.26610414961274,5.44676027957937,2.89654303885145
1995-12,5.43,1995-12,11.6761019005257,9.31488648836,0.0216625267171162,0.657096643752527,5.37230662584483,5.1267979897175096,12.593148864883599,2.83779099994223,2.55617815261972,1.97128993125758
1996-01,5.48,1996-01,12.2827458976599,9.6449493478331,0.0485484027575492,0.364113020681619,6.48930316859241,4.19943683852801,12.5416707123668,2.28177492960481,2.4516943392562403,1.47263488364566
1996-02,5.26,1996-02,29.589692428519893,20.6745770626817,0.0212264651567574,1.27358790940544,13.1604083971896,13.2877671881301,29.3562013117956,6.41039247734074,7.6203009912759185,4.0542548449406715
1996-03,4.92,1996-03,10.387124009299,7.396440908739558,0.0297284602441301,0.338904446783083,4.845739019793201,4.08469043754347,10.1611877114436,1.97396976021023,2.53881050484871,1.31399794279055
1996-04,4.7,1996-04,11.925089761221301,9.61760335231626,0.0276898369068606,0.415347553602909,6.7378603140027495,3.9873365145879305,12.303517532281699,2.2890265176338103,1.99366825729396,1.1998929326306202
1996-05,4.76,1996-05,20.037800567008397,14.752721290819302,0.0175002625039375,0.691260368905533,9.60764411466172,8.52262783941758,20.2040530607958,4.2000630009450095,4.1475622134332,2.5287879318189703
1996-06,4.93,1996-06,17.1754285775857,12.3374314437488,0.0538752464792526,0.754253450709537,7.80113569019578,7.37013371836177,17.1215533311064,3.62041656340577,4.2238193239734,2.1334597605784
1996-07,4.99,1996-07,12.8827231069779,9.26367720271159,0.0090026017519063,0.5581613086181899,5.4375714581514005,5.6716391037009695,12.9097309122336,3.33996524995723,2.75479613608332,1.9355593766598505
1996-08,5.02,1996-08,16.0489645264153,10.7109901533645,0.0934437527011084,0.397135948979711,6.71626972539217,7.42877833973811,15.885437959188302,3.1070047773118503,4.07648371158586,2.0908039666873
1996-09,5.09,1996-09,17.6144163653589,12.161874746224699,0.0386705079371217,0.734739650805313,8.23681819060693,7.56008430170729,17.0923645082078,3.0936406349697405,3.7897097778379294,2.35890098416442
1996-10,5.04,1996-10,16.6468649523081,11.1292347140833,0.0201373366358565,0.577270316894554,7.24272874336306,7.6052008028084686,16.4052169126778,3.13471206964833,3.9804802083543,2.15469502003665
1996-11,4.39,1996-11,22.658210291391807,16.2907110164042,0.0504356378216848,1.02132166588911,9.82234046577311,9.77190482795144,22.5825568346593,5.32095979018774,5.5353112509299,3.13961845439987
1996-12,4.14,1996-12,15.7471110814241,11.0296573375192,0.0166989513058579,0.6763075278872479,7.1638501102130805,6.579386814508059,15.538374190100901,2.8054238193841403,4.24153363168793,1.92037940017366
1997-01,3.52,1997-01,8.55678872326633,6.43024951393388,0.0101263771872974,0.232906675307841,4.53661697990926,3.26069345430978,8.607420609202821,1.54933570965651,1.599967595593,1.04301685029163
1997-02,3.52,1997-02,17.8112012665743,12.165166878150401,0.0465652320694753,0.7217610970768671,7.14776312266446,8.172198228192919,17.648222954331104,3.96968603392277,5.063968987555441,2.43303337563008
1997-03,3.51,1997-03,13.9653940429997,10.5011803652348,0.0180898886567353,0.488426993731853,6.72039363597717,5.7073598711999916,14.101068207925199,3.1295507376152,2.9576967953762203,1.94466303059904
1997-04,3.5,1997-04,13.4771085740913,10.5355894687791,0.0291239515377446,0.4222972972972969,7.05527726001864,4.82729496738118,13.673695246970999,2.7449324324324302,3.0216099720410003,1.63822227399813
1997-05,3.46,1997-05,13.190642110502699,10.4885159638768,0.0,0.308137192159093,7.8812012609922,4.100594941809471,13.3328592761146,2.26362321932257,1.9554860271634704,1.14958875536277
1997-06,3.51,1997-06,15.92028979445,12.373152183915696,0.0501953435452971,0.518685216634736,8.46628127797345,5.697171492391231,16.1043393874494,3.02845239389959,3.3463562363531296,1.88232538294864
1997-07,4.0,1997-07,14.9030309453158,11.551504874947,0.0,0.741839762611275,8.13374311148792,5.35184400169563,14.9692666384061,2.8613819415006296,3.15281899109792,1.61615091140313
1997-08,4.04,1997-08,15.7058307759755,11.7273125822008,0.0328803156510302,0.493204734765453,6.99254712845243,6.258220078912751,15.5195089872863,3.75931608943445,3.74835598421744,2.7181060938185
1997-09,3.94,1997-09,15.205052061797499,11.9911288200578,0.0375897455174228,0.6828803768998479,7.862521770727612,5.5883421669235185,15.2489067649012,3.10115400518738,3.35801726622311,1.8982821486298505
1997-10,3.97,1997-10,11.0305083601123,8.71185048033362,0.0393946727146869,0.275762709002808,5.90920090720303,3.95072289224431,11.278132017176098,2.07103422271496,2.20610167202246,1.42946383850435
1997-11,3.95,1997-11,15.5521994794511,11.111468140483902,0.0449857009736191,0.6362263423411839,7.21056521320009,6.72214903120081,15.539346422030098,3.0654541949166103,3.62456219273159,1.93438514186562
1997-12,3.87,1997-12,13.4893583950439,10.2696761443749,0.022204705177027,0.4996058664831071,6.950072720409452,5.28471983213243,13.3783348691587,2.50913168500405,2.87550932042499,1.93180935040135
1998-01,3.82,1998-01,9.59545021572251,7.7604079116938305,0.0140079565193029,0.252143217347453,5.29500756429652,3.242841934218629,9.95965708522439,1.82103434750938,1.76500252143217,1.1836723258811002
1998-02,3.84,1998-02,12.3825254884091,9.819445235518579,0.0227829355812496,0.512616050578117,6.060260864612402,5.14894344136241,12.8040097966622,2.90482428660933,2.55168878509996,1.7884604431280902
1998-03,4.08,1998-03,29.690863687247,22.5264789460087,0.0172220787048996,1.11943511581847,14.8626539223284,11.952122621200301,29.4325325066735,6.630500301386371,6.69938861620598,4.23663136140532
1998-04,4.15,1998-04,29.121110176619002,21.593776282590298,0.0210260723296888,1.19848612279226,15.6854499579478,11.3751051303616,29.184188393607997,4.98317914213625,5.78216989066442,3.1959629941127004
1998-05,4.47,1998-05,11.84294813372,9.66080421638117,0.0156239421289183,0.192695286256659,7.634899720331429,3.32269169274996,11.8846119793972,1.6769697885039,1.8227932483738,1.11971585257248
1998-06,4.82,1998-06,23.178328263074004,16.9588101791491,0.0386305471051233,0.994736587956926,11.618137041865802,9.95702351634557,23.410111545704797,4.17209908735332,4.28799072866869,2.79105702834516
1998-07,5.35,1998-07,12.493612928434699,9.507970063419867,0.0400757431545621,0.44083317470018296,6.46221358367314,4.829127050124732,12.744086323150697,2.62496117662381,2.66503691977837,1.3224995241005502
1998-08,6.74,1998-08,17.1921692538136,11.543420101498599,0.0968782836149013,0.670695809641625,6.967784244610209,8.15268017497709,17.0282213892346,3.50252256146181,4.1881227224288,2.4592179686859503
1998-09,8.03,1998-09,22.1662095040402,17.3474683075098,0.14826895989324598,0.908147379346134,11.6576469716064,8.59959967380828,22.963155163466396,4.44806879679738,4.6519386166506,2.81711023797168
1998-10,7.92,1998-10,10.9967941549243,8.420002982181469,0.0652352195631104,0.34015507343621804,5.75001863863416,4.15641541787817,11.141243569671197,1.97103556251398,2.1667412212033,1.4305151718482
1998-11,7.96,1998-11,18.0672866152453,13.8179206535644,0.0748127810155086,0.6733150291395781,8.88775838464243,7.2194333679966,18.396462851713604,3.34413131139323,4.30173490839175,2.5885222231366
1998-12,8.24,1998-12,33.7839854358791,25.3379890769093,0.208911570716566,1.7608260960396298,16.3249470259945,14.1164532784194,33.992897006595605,7.550661055898759,7.81926164682006,4.3871429850479
1999-01,7.72,1999-01,11.828649523241,9.032501295967561,0.0235630468590458,0.408426145556794,6.12639218335192,4.66548327809107,12.268493064609801,2.3170329411395003,2.48197426915282,1.3902197646837
1999-02,7.27,1999-02,12.2311948435043,8.90652629177228,0.0162973948614314,0.4400296612586471,5.736682991223849,5.08478719676659,12.540845345871501,2.4772040189375697,3.0965050236719605,1.41787335294453
1999-03,6.88,1999-03,13.190052851862,10.2725078666788,0.0305502092689334,0.6110041853786701,6.6599456206275,5.2928237558427185,13.655943543213198,3.07029603152781,2.68841841566614,1.6726239574741
1999-04,6.55,1999-04,13.1015562905417,9.614645027305599,0.0940098624892102,0.487142014716816,6.19610457315249,5.34146945961422,12.956268321240199,2.79465682127015,2.56390534061482,1.64944576912887
1999-05,6.66,1999-05,15.571979386517699,12.8796975098257,0.0298313781350914,0.432554982958825,9.90401754085034,4.4597910311961515,15.721136277193198,2.55058283055031,2.3641367172059904,1.31258063794402
1999-06,6.48,1999-06,16.2108262108261,12.8205128205128,0.0189933523266856,0.7597340930674259,7.8917378917378915,6.400759734093058,16.5337132003798,4.06457739791073,3.20987654320987,2.3266856600189905
1999-07,6.35,1999-07,7.54165940544083,5.32423126153033,0.0,0.222343743427338,3.36520260322458,3.1909331827004506,7.79404960068267,1.7186570437897,1.55039691362847,0.624966197741708
1999-08,6.09,1999-08,14.1082506668264,10.4819132675997,0.0224772979290916,0.55444001558426,6.47346180357838,5.881559624778969,14.3704858093325,3.47648874636617,3.2442233344322204,1.82066113225642
1999-09,5.97,1999-09,16.0307186288265,11.9947494681573,0.0301754703601442,0.5733339368427399,8.15492086482898,6.140708218289349,15.977911555696304,3.0703541091446698,3.38719654792619,1.77280888365847
1999-10,6.37,1999-10,18.882025107130602,13.642760035299402,0.0477019581653826,0.8824862260595792,8.49094855343812,8.20473680444584,19.0569322870704,4.34087819304982,4.33292786668892,2.24994236013388
1999-11,6.15,1999-11,16.1885004574814,12.610180546622301,0.0543542264940618,0.842490510657957,7.9991303323761,6.90298676474586,16.741101760171002,4.01315372281156,2.85359689093824,2.2013461730095
1999-12,5.97,1999-12,21.1681027156362,16.1343043552162,0.0261496018723114,0.967535269275525,9.636128289946779,9.12621105343672,21.599571146529303,5.53064079599388,4.19701110050599,2.9810546134435
2000-01,5.88,2000-01,8.90223884155102,6.491073921957248,0.0,0.265636813175585,4.53625942499846,3.13315215540434,8.84774923884833,1.6414992814183602,1.7232336854723898,0.756043237499744
2000-02,5.89,2000-02,12.957842268696199,10.3358479422266,0.0357951443886636,0.536927165829955,6.76528228945743,4.70706148710927,13.2978961403885,3.0604848452307403,2.61304554037244,1.61078149748986
2000-03,6.0,2000-03,14.088713219148,10.961791831356999,0.00878348704435661,0.447957839262187,7.2463768115942,5.35792709705754,14.3258673693456,3.18840579710144,2.6877470355731203,1.6688625384277498
2000-04,6.23,2000-04,12.7369891985799,9.781705566885721,0.0377672029609487,0.462648236271621,6.42986630410152,4.24881033310673,12.5764785859959,2.95528363169423,2.50207719616285,1.37850290807462
2000-05,6.5,2000-05,17.3526320045281,13.4794210398641,0.0323441416673405,0.4447319479259311,9.68707042936848,5.79768739387078,17.4496644295301,3.11312363548152,3.02417724589633,1.5282606937818302
2000-06,6.72,2000-06,24.0599600641223,18.0977022808448,0.0,1.11089236999746,12.135444497567198,9.7730404702309,24.5521275698174,5.11854205922884,5.11854205922884,2.615518744551
2000-07,6.91,2000-07,13.269036322625801,10.873454149490499,0.0155557283969821,0.528894765497394,7.49786108734541,4.37115967955199,13.4245936065956,2.9400326670296297,2.38002644473827,1.5711285680952
2000-08,7.12,2000-08,26.0077200531543,19.869645004113103,0.0632791242169208,1.0757451116876502,13.4468138960956,9.808264253622713,25.564766183635893,5.473644244763651,5.15724862367904,3.1955957729545
2000-09,7.33,2000-09,16.4594753675193,12.7364143731428,0.0,0.8084361016360191,8.50985370143178,6.190918567791622,16.7147709785622,3.31884294355839,3.57413855460134,1.79416082205186
2000-10,7.52,2000-10,21.7429613262664,16.957883179027,0.067777310867414,0.8268831925824499,11.698363855715597,8.05194453104878,22.1631806536444,4.26997058464708,4.5139689037697694,2.49420503992083
2000-11,7.43,2000-11,20.166049814944397,16.0048014404321,0.0200060018005401,0.620186055816744,10.7832349704911,7.32219665899771,20.3661098329498,3.94118235470641,4.701410423126929,2.98089426828048
2000-12,7.42,2000-12,14.9951510493861,11.308118790141,0.0182979268448884,0.5489378053466539,7.685129274853151,5.57171872426854,15.2055772081023,3.27532890523503,3.3302226857697006,1.4363872573237402
2001-01,7.41,2001-01,14.2197390111619,10.4823385807945,0.0125838398328866,0.6417758314772171,6.53101287326815,5.90182088162383,14.1568198119974,3.12079227855587,3.51089131337536,2.0637497325934
2001-02,7.32,2001-02,12.914399247465902,9.65283211280979,0.0175825721544804,0.483520734248213,6.23302182876333,4.80004219817317,12.7385735259211,2.7252986839444704,2.68134225355827,1.7230920711390805
2001-03,7.39,2001-03,15.8912719497181,13.461413853430901,0.0323981079504956,0.777554590811896,9.50884468347048,4.51953605909414,16.1828549212725,3.57999092852977,3.06162120132184,1.71709972137627
2001-04,7.48,2001-04,14.062458775625,11.054728380838402,0.0175890666361789,0.633206398902442,7.457764253739869,4.81060972499494,13.9833079757622,2.9197850616057,2.86701786169716,1.7413175969817098
2001-05,7.45,2001-05,23.416247087998705,19.1027278875779,0.0,0.751484181257984,13.872397986022301,7.454723078079199,23.822048545878,4.14819268054407,4.55399413842338,2.6452243180281
2001-06,7.42,2001-06,13.217774783327599,10.455394603864804,0.0245000459375861,0.56350105656448,7.484764033932558,4.47125838360946,13.3035249441092,2.37037944446145,2.54187976602456,1.43325268734878
2001-07,7.37,2001-07,8.50496232856359,6.431547599395139,0.0264129264862223,0.297145422970001,4.17324238482313,3.0308833142940097,8.630423729373161,1.74325314809067,1.63760144214578,0.917849195396226
2001-08,7.31,2001-08,11.860821963256301,8.27354539045327,0.013823801821977,0.4216259555703,5.29451609781722,5.0525995659326215,11.7986148550574,2.32239870609215,2.43298912066796,1.54826580406143
2001-09,7.14,2001-09,23.697936940443807,18.6687427014402,0.0,1.19891008174386,11.5687037757882,9.342156481121073,24.2273258077073,5.947839626313732,5.18489684702218,3.2697547683923704
2001-10,6.94,2001-10,15.085688083911199,11.5148736172407,0.0573164440878087,0.555969507651745,7.61735541926978,5.645669742649161,15.148736172407801,2.95179687052215,3.3472803347280298,1.9143692325328097
2001-11,6.9,2001-11,23.1134458026063,16.244065057076398,0.148163114119271,0.936121493753577,10.3377445533218,10.3781526753543,23.0999764285955,4.71428090379499,6.05448361787385,3.0710172744721604
2001-12,6.59,2001-12,32.0141412157518,21.5653540214082,0.117843464597859,1.47304330747323,14.7107924972994,14.2394186389079,30.953550034371,5.3029559069036605,7.48306000196406,3.90847490916232
2002-01,6.32,2002-01,25.8025561034517,20.5293348092985,0.060380396497937,1.2881151252893202,12.9214048505585,10.164033410485999,26.8491496427493,5.675757270806072,6.2393076381201515,3.8039649793700296
2002-02,6.57,2002-02,16.308473600167506,12.4342294704327,0.0,0.6282558048218629,8.62542865370016,5.732834218999491,16.360828250569302,2.97112641030339,3.37687495091751,1.75388078846103
2002-03,6.72,2002-03,18.5846045588198,16.084039104320002,0.0628282777512502,0.6157171219622521,11.736322283933498,5.1519187756025095,19.3511095473851,3.1414138875625097,2.70161594330376,2.1487270990927603
2002-04,6.77,2002-04,12.759852675430698,9.78715186293849,0.0,0.38624418909411895,7.38692011642503,3.9934890265267,12.4701695336101,1.87604320417143,2.10365138703047,1.22080752624391
2002-05,6.9,2002-05,19.655391163771,16.1560971616837,0.0716229766509096,0.572983813207276,11.909877831665499,5.80146110872368,19.706550432807397,3.29465692594184,3.1514109726400203,2.02590705384001
2002-06,7.12,2002-06,18.6479616775833,13.906540228761301,0.14664190047903,0.7332095023951508,9.50728321439045,7.42985629093751,18.6968423110763,3.3727637110176896,3.78824909570827,2.4440316746505
2002-07,7.25,2002-07,9.70141886616348,8.112934926005371,0.0179489710752331,0.430775305805594,5.50135963455894,3.2128658224667204,10.0424493165929,1.9564378472004,1.39104525833056,1.2474534897287
2002-08,7.26,2002-08,15.210504052969101,11.6539049214008,0.0345300886560026,0.52658385200404,8.39081154340864,5.274471042204389,15.1932390086411,2.6415517821842003,2.6674493486762003,1.6833418219801202
2002-09,7.15,2002-09,11.5175968299529,8.936066505998,0.0270789894121151,0.3881321815736501,6.52603644831975,3.70982154945976,11.4183072021085,1.83234495021979,2.03995053571267,1.1553702149169098
2002-10,7.12,2002-10,11.3419103003266,9.0117900103561,0.00995777901696805,0.487931171831434,6.25348522265593,3.69433601529515,11.3717836373775,2.19071138373297,1.91189357125786,1.29451127220584
2002-11,7.09,2002-11,15.5499346427419,10.4911131104962,0.025463866773049,0.483813468687931,7.112906785271701,6.4763101159454814,15.278320063829401,2.4954589437588,3.4461099699526296,1.43446449488176
2002-12,6.62,2002-12,11.944872939839199,9.13371762604529,0.0202971502801006,0.487131606722416,6.028253633189889,4.5465616627425405,12.036210116099602,2.37476658277177,2.2123893805309702,1.52228627100755
2003-01,5.99,2003-01,14.2400909965876,11.593315250678,0.0109370898591302,0.5906028523930351,7.64502581153206,4.626389010412098,14.360398985038,2.82176918365561,2.745209554641701,2.11085834281214
2003-02,5.69,2003-02,11.970543688306199,9.25471353214601,0.0208910012012325,0.355147020420953,6.465764871781468,3.62458870841385,11.6571786702877,2.07865461952264,2.06820911892202,1.26390557267457
2003-03,5.49,2003-03,13.8256524153248,11.860077734591801,0.0222098833981121,0.44419766796224297,9.139367018323153,3.4314269850083194,13.9700166574125,2.18767351471404,1.55469183786785,1.2770682953914398
2003-04,5.26,2003-04,55.019229259869604,40.8131229887763,0.15697354995683202,1.9621693744604,24.801820893179396,23.859979593438396,54.8622557099127,12.557883996546499,11.929989796719198,8.476571697668941
2003-05,4.92,2003-05,12.313538498077099,11.052953696345199,0.00913467247631836,0.210097466955322,9.35390461574999,2.04616663469531,12.414019895316601,1.23318078430297,1.16010340449243,0.7947165054396971
2003-06,4.04,2003-06,13.1275121867783,10.5618746258445,0.0,0.4276062601556479,7.50448986573163,3.89121696741639,13.063371247755,2.43735568288719,2.39459505687163,1.36834003249807
2003-07,3.45,2003-07,11.1651763512788,8.629852463652231,0.0195024914432818,0.24378114304102305,6.32855847334497,3.39343351113104,10.7751265224132,1.6674630184006,2.23303527025577,1.1213932579887
2003-08,3.14,2003-08,17.157309792191,14.652415520616698,0.0364790427899171,0.997093836257736,10.4330062379163,5.5448145040674115,17.8017728814796,3.4776687459721,2.86968469947348,1.94554894879558
2003-09,2.81,2003-09,14.2835365853658,11.7682926829268,0.0457317073170731,0.5182926829268291,8.2469512195122,4.26829268292682,14.6646341463414,2.66768292682926,2.57621951219512,1.38719512195121
2003-10,2.86,2003-10,14.490958632648,11.555610601932099,0.0,0.569729997522913,8.33539757245479,4.39682932870943,14.7262818924944,2.5885558583106203,2.81149368342828,1.31285608124845
2003-11,2.89,2003-11,13.201475182636,10.2064785887106,0.0469803387282422,0.516783726010664,6.77691386154894,4.81548471964482,13.2602006060463,2.6543891381456803,2.53693829132508,1.6912921942167198
2003-12,2.64,2003-12,14.7213087703169,11.256084768336803,0.0,0.341807809719128,8.17981448086465,4.37278266916539,14.426646865386601,2.4044411442311,2.76982190634465,1.1550746673266998
2004-01,2.26,2004-01,14.260847681563597,10.842438604953498,0.0419436696516578,0.545267705471551,6.71098714426525,5.38976155023803,14.4076505253445,3.50229641591342,3.01994421491936,1.67774678606631
2004-02,2.01,2004-02,30.422113508167,23.8190712968161,0.0,1.14951746999224,16.7883016547705,9.998128692490713,30.422113508167,5.61392252786911,4.9990643462453495,3.1010238725372203
2004-03,1.84,2004-03,44.55515345208429,36.847299901301795,0.0469991070169666,1.64496874559383,26.742491892653998,14.757719603327502,45.5421346994406,8.41284015603703,7.56685622973163,5.4518964139681305
2004-04,1.97,2004-04,24.1404369350956,19.6212017986101,0.113548621519734,0.794840350638143,13.7166734795839,8.10737157650907,24.299405005223303,4.4511059635736,3.72439478584729,3.02039333242494
2004-05,1.99,2004-05,20.6158833063209,15.0405186385737,0.0162074554294975,0.696920583468395,10.9076175040518,7.73095623987033,20.3241491085899,3.17666126418152,3.9708265802269,2.35008103727714
2004-06,2.03,2004-06,27.929035657825494,21.589511840697497,0.0,1.26151733388691,14.978522268176201,9.91648435878192,27.6895070501254,5.04606933554764,7.042141066381348,3.20968334318062
2004-07,2.02,2004-07,28.289666123438202,20.4337470226902,0.0835736074547657,1.1282437006393302,13.371777192762499,12.0137060716226,28.1434123103924,5.62032510133299,5.536751493878231,3.61455852241862
2004-08,2.02,2004-08,16.34280865507,11.896478574459,0.0339414509970301,0.458209588459906,7.7386508273228705,5.82095884599067,15.5112431056427,3.13958421722528,2.98684768773865,2.0364870598218
2004-09,1.96,2004-09,14.706885629355302,11.2665074801423,0.0194922274742946,0.5457823692802489,7.93333658203791,4.86331075483651,14.3657716485551,2.67043516397836,3.440378149213,1.6276009941036
2004-10,2.0,2004-10,21.2852194846348,15.537104817116498,0.0122822962981158,0.908889926060576,10.2802820015229,8.53619592719054,20.9781620771819,4.22510992655186,4.876071630352,2.73895207447984
2004-11,1.99,2004-11,24.945417382821496,19.3245691457239,0.030968860810455,0.898096963503197,12.914014957959699,9.21323609111039,25.131230547684197,4.70726684318917,5.3421284898035,3.5459345627971
2004-12,1.99,2004-12,38.792971265601395,28.765064859394602,0.0919991413413474,1.6559845441442498,20.270477475543498,14.750528995062599,38.639639363365795,6.5932717961299,8.00392529669722,3.77196479499524
2005-01,1.96,2005-01,23.260752612056397,17.2721352323243,0.0141574878953478,0.891921737406914,11.8639748563014,8.692697567743581,22.878500438881996,4.33219129597644,4.68612849336013,2.4209304301044803
2005-02,1.92,2005-02,10.044989140552198,8.33850449891405,0.0,0.4169252249457021,6.24418243872168,2.63729444616816,10.044989140552198,1.89070741545144,2.00705864101768,0.843546385355259
2005-03,2.02,2005-03,8.30028852030299,6.28917409286657,0.014212822808738004,0.245171193450731,4.96027516024957,2.43394590599638,7.99471282991512,1.00555721371821,1.47813357210875,0.618257792180104
2005-04,2.05,2005-04,8.314334975771981,7.12949117087081,0.008171336585525291,0.29416811707891,5.6463935805979695,2.13680451711486,8.45324769772591,1.24204316099984,1.21752915124326,0.6863922731841241
2005-05,2.08,2005-05,10.5213129362839,8.99450467844942,0.017822664488341,0.172285756720629,7.699391058963308,2.21001039655428,10.4262587256794,1.07530075746324,1.21194118520718,0.635675033417496
2005-06,2.15,2005-06,13.6128425261672,10.3669293190638,0.0294013877455015,0.435140538633423,7.60907914853581,4.89827119840057,13.642243913912699,2.11689991767611,2.4167940726802297,1.46418910972597
2005-07,2.22,2005-07,11.399500683027899,8.89113947901455,0.0,0.388619341466861,6.5711997738942,3.69777191577558,11.3641716519855,1.99020208205756,1.8488859578877896,1.01276555655
2005-08,2.25,2005-08,7.50297316986607,6.095776542156742,0.0124530675018523,0.21170214753149,4.50178390191964,2.10456840781305,7.297497556085499,1.25153328393616,1.23285368268338,0.83435552262411
2005-09,2.35,2005-09,19.2831841242943,15.077428772674804,0.0306244321719868,0.786027092414328,10.4020987944181,7.23757413664621,19.3954737089249,4.01180061453027,3.98117618235828,2.42953828564428
2005-10,2.45,2005-10,20.1197912041284,17.0016676040772,0.0197349594939956,1.13476017090474,11.959385453361303,6.532271592512551,20.8105147864183,4.72652279881195,4.13447401399208,2.47673741649645
2005-11,2.54,2005-11,10.5182945872006,7.9761651946884,0.0124920363268416,0.37476108980524897,6.014915491374249,3.3915878627375,10.305929969644303,1.62396472248941,2.19859839352412,0.7807522704276021
2005-12,2.55,2005-12,53.7974683544302,39.943741209563896,0.0,2.67229254571026,23.699015471167307,25.6680731364275,54.36005625879021,14.135021097046401,12.0253164556962,9.77496483825597
2006-01,2.52,2006-01,28.5259977738908,19.9395770392748,0.0318015582763555,1.30386388933057,12.2117983781205,13.3566544760692,28.4305930990618,6.90093814596915,6.5511210049292385,4.16600413420257
2006-02,2.57,2006-02,22.334449605703806,16.906125094523002,0.0540131792157286,1.02625040509884,10.316517230204099,9.83039861726262,22.618018796586398,5.18526520470995,4.61812682294479,3.51085664902236
2006-03,2.72,2006-03,38.6543281280122,28.7256603046076,0.192789666473877,2.45806824754193,16.1461345671872,18.2668208983998,38.220551378446004,9.54308849045691,9.494891073838438,7.37420474262579
2006-04,2.82,2006-04,64.49349668087861,46.30579092233789,0.32381671973662896,2.5365643046035897,28.333962976955,29.683199309190893,64.4395272275891,15.489233094068696,13.060607696043999,10.416104484861501
2006-05,2.94,2006-05,48.6192952050838,37.619872905834704,0.0693240901213171,2.77296360485268,24.4714038128249,20.3350664355863,50.190641247833604,11.2305025996533,10.2599653379549,6.47024841132293
2006-06,3.03,2006-06,30.7938483420748,22.0819628411414,0.0533380744955107,1.29789314605742,14.2590452484665,13.672326429015904,30.8827451329006,6.311672148635429,6.61392123744333,4.19592852698017
2006-07,3.09,2006-07,12.6657183499288,9.05832147937409,0.0,0.694167852062588,5.90611664295874,5.58748221906116,12.7112375533427,2.58321479374111,2.54907539118065,1.5704125177809298
2006-08,3.23,2006-08,28.279832080641494,20.8390940398683,0.0754128855483773,1.6590834820643,13.2223925994821,12.0911993162565,28.204419195093106,6.68660918528946,6.3346823860637,3.7455066489027407
2006-09,3.37,2006-09,16.1438587847946,12.496920830804903,0.0180244050444301,0.6969436617179661,9.01220252221508,5.689703859025119,15.783370683906,2.8778966720940096,3.64693795398969,2.04276590503541
2006-10,3.48,2006-10,53.862099432494105,39.895334216875604,0.0339823971182927,3.67009888877561,24.841132293471894,25.4867978387195,55.1874129201075,13.117205287660902,13.2191524790158,8.15577530839025
2006-11,3.62,2006-11,26.6529280439635,20.1786020951399,0.034346556757685005,1.9405804568092,12.502146659797301,12.1071612570839,27.1681263953288,6.3541130001717185,6.64605873261204,4.17310664605873
2006-12,3.8,2006-12,17.3192165011816,13.009533983566001,0.0585355859778003,0.548771118541878,10.3168970285873,4.704797722965711,16.0533844544116,2.12191499169526,4.14139270792937,1.4048540634671998
2007-01,3.98,2007-01,25.5726388453091,20.350531175758604,0.0224124792684566,1.4119861939127702,13.694024833027001,9.166704020798779,25.482988928235198,6.073781881751749,6.94786857322157,2.93603478416782
2007-02,4.2,2007-02,18.6422523717228,14.306844843415199,0.0255023972253391,0.816076711210853,9.10435580944608,6.834642456390902,18.3872283994695,4.080383556054271,6.37559930633479,2.39722533918188
2007-03,4.43,2007-03,66.20808254514179,54.170249355116,0.171969045571797,3.61134995700773,34.5657781599312,24.075666380051498,68.0997420464316,15.3052450558899,13.4135855546001,9.11435941530524
2007-04,4.54,2007-04,21.4989121722202,16.2887896484598,0.0,0.772930264513912,11.164548265200901,7.90106492614222,20.869117141875602,3.7215160884003113,5.696782319935871,3.0058399175541
2007-05,4.6,2007-05,26.999423872623506,22.8879694128738,0.026187608023883,1.3879432252658002,15.3983135180432,10.1869795212905,28.4921175299848,5.7612737652542805,5.83983658932593,4.294767715916819
2007-06,4.75,2007-06,19.155583630683,15.467877691086304,0.0,0.9389991975825028,10.602154576340599,7.32419374114354,20.504327932665106,4.23403274546292,4.01208748057978,2.30481621224796
2007-07,4.89,2007-07,25.7331490864425,20.205742361431,0.12283126055581098,1.1054813450023,13.7263933671119,8.41394134807309,25.2111162290803,4.3605097497313,8.22969445723937,3.37785966528481
2007-08,5.18,2007-08,24.708922505153694,18.4663627653087,0.0871054847420225,0.725879039516854,12.572224964431904,9.55256816004182,24.4766412125083,5.19729392294068,4.76176649923056,2.96158648122876
2007-09,5.51,2007-09,24.393849793021804,16.2921348314606,0.14784151389710198,1.38971023063276,10.289769367238302,11.295091661738601,23.3293908929627,4.73092844470727,5.943228858663511,3.3116499112950897
2007-10,5.67,2007-10,21.824127390346106,17.3100163503234,0.17772090708750896,1.5994881637875802,10.769886969503,9.810194071230539,22.392834293026198,4.76292030994526,4.691831947110259,3.48332977891519
2007-11,5.78,2007-11,29.781661360608602,24.1820768136557,0.112894849736955,1.7385806859491,15.218225744541499,11.2894849736955,30.6622411885568,7.5187969924812,6.412427465059039,4.5609519293729806
2007-12,5.96,2007-12,38.498398821907,28.657581636707892,0.0467497253453636,3.2023561861574,19.541385194361894,15.778032304060199,38.2880250578528,8.55519973820153,8.601949463546902,4.8385965732451295
2008-01,5.79,2008-01,36.459986037951296,27.701973725963,0.126927714666497,2.41162657866345,16.8813860506441,16.468870977978,36.459986037951296,8.12337373865583,8.82147616932156,6.15599416132512
2008-02,5.91,2008-02,31.1683737856954,22.5985384321897,0.234790009685087,1.46743756053179,15.1733043758988,11.798197986675598,30.6107475126933,5.16538021307193,10.3601091773545,3.55119889648695
2008-03,6.18,2008-03,25.993930662416002,20.844189682126103,0.0613064402415473,1.31808846519326,15.020077859179098,8.18440977224658,26.177849983140696,4.26079759678754,5.67084572234313,2.60552371026576
2008-04,6.3,2008-04,36.9412023783309,27.6646113190927,0.22021581149526506,1.3488218454085,18.3604932834177,14.6443514644351,37.0237833076416,6.85421713279013,8.973794318432061,4.569478088526751
2008-05,6.48,2008-05,28.8652565151338,22.0287483931284,0.0292158466752366,0.847259553581862,14.6079233376183,11.1604534299404,29.0989832885357,5.72630594834638,7.59612013556152,3.79806006778076
2008-06,6.41,2008-06,40.6287413586683,32.479820800988605,0.231722859460085,2.31722859460085,18.924033522573602,17.8426601784265,41.787355655968796,7.685474838759509,10.2730467693971,9.50063723786351
2008-07,6.46,2008-07,25.255365007965498,18.836097835254396,0.187423859057258,1.59310280198669,13.025958204479403,11.526567332021301,26.6141879861306,5.06044419454596,5.38843594789617,2.62393402680161
2008-08,6.53,2008-08,27.7311595940222,18.620634540078303,0.0799168864381043,1.3585870694477702,12.067449852153699,11.7477823064013,26.8520738432031,4.555262526971942,6.47326780148645,3.1966754575241696
2008-09,6.82,2008-09,28.7909591006935,22.0342023439368,0.149485768954795,1.52475484333891,15.157856972016196,11.002152595072902,29.239416407557894,4.87323606792633,7.653671370485518,3.4381726859602897
2008-10,6.92,2008-10,22.736861844264197,18.7989311330926,0.0468801275139468,0.867282359008016,11.7434719422436,9.18850499273359,24.401106371009305,5.6490553654305895,5.18025409029112,3.56288969105995
2008-11,6.18,2008-11,43.955234869680396,32.5430717125607,0.44176115446915,1.7670446178766,20.2841996760418,19.731998232955306,44.87557060815779,9.31379767339125,10.6022677072596,6.36872331026358
2008-12,4.64,2008-12,32.4170899312817,23.827308037048105,0.0746937556020316,0.522856289214221,17.9638482222886,11.0173289512996,31.7448461308634,4.967134747535098,7.91753809381535,3.17448461308634
2009-01,3.7,2009-01,49.84317080125461,35.700028514399705,0.513259195893926,1.93897918448816,26.974622184203,18.819503849443894,49.786142001710786,7.24265754205874,11.177644710578802,3.9920159680638703
2009-02,3.48,2009-02,24.439498846027004,16.114408176722698,0.0412133201450708,0.94790636333663,10.0972634355423,12.487636003956402,24.8516320474778,4.57467853610286,5.316518298714139,3.79162545334652
2009-03,3.17,2009-03,49.246014648858214,36.794485135717295,0.8186126669538991,1.89573459715639,25.032313657906,20.8099956915122,50.021542438604,8.05687203791469,10.641964670400599,6.635071090047388
2009-04,2.87,2009-04,30.6205611829083,24.6827337291884,0.07761865952575,1.0090425738347502,16.0282531920673,10.4397097062133,30.9310358210113,5.588543485854,6.17068343229712,4.69592890130787
2009-05,2.4,2009-05,21.363142369197305,16.3328675671479,0.217357553174972,0.6831237385499139,12.1099208197484,7.514361124049048,21.3941934482223,3.04300574444962,4.9371215649743805,2.17357553174972
2009-06,2.1,2009-06,40.064446831364,32.1876118868599,0.107411385606874,2.29144289294665,19.262441818832702,18.4747583243823,42.3558897243106,8.62871464375223,9.45220193340494,7.98424633011099
2009-07,1.87,2009-07,23.898638720230604,17.993290637389396,0.110898555546314,1.5525797776483898,11.50572513793,10.0640439158279,24.536305414621896,6.21031911059358,6.45984086057278,2.9110870830907403
2009-08,1.88,2009-08,34.620448511795395,26.224342233062,0.172670566143618,2.13679825602728,16.101530292892402,15.2165936414064,35.505385163281495,8.69827976948479,9.49688113789902,4.51101854050204
2009-09,1.93,2009-09,45.131199248372496,31.843500436212306,0.369102744782229,2.2146164686933703,20.2335413730622,18.4215824441312,43.9567814240654,8.75780148983289,14.629890611368301,5.70431514663445
2009-10,2.03,2009-10,34.15673981191211,25.6300940438871,0.30094043887147304,1.75548589341692,16.9780564263322,15.1473354231974,34.8840125391848,7.07210031347962,8.37617554858934,5.0156739811912185
2009-11,2.05,2009-11,40.4808383848762,27.3810746943388,0.0513716223158327,1.3870338025274802,16.6444056303298,19.932189458543107,39.9157505394021,7.80848659200657,9.246892016849893,6.678310901058249
2009-12,2.08,2009-12,33.3791391462387,26.1979697681635,0.17731282415000602,1.46283079923755,15.470543907088,14.8942772286005,34.7089853273638,8.37803094108781,7.26982579015027,5.452369342612702
2010-01,2.25,2010-01,37.697052775874,27.7469216043109,0.21271064262248496,1.67805062513294,15.8114911016047,18.0804046229113,38.0515705135781,9.146557632766893,8.60296376828721,7.13762378577674
2010-02,2.27,2010-02,38.326413286489796,28.0479660869312,0.0290351615806741,1.6259690485177498,15.5338114456606,18.8728550274382,39.8362416886849,10.4526581690427,9.26221654423507,6.8522981330391
2010-03,2.3,2010-03,35.046092807966104,28.025205181065,0.0777937687191256,1.61422070092185,16.5117274106344,14.391847213038199,36.5825197401689,8.55731455910381,9.54918511027266,6.04846551791201
2010-04,2.39,2010-04,24.1288741026089,19.0159341621432,0.10506040973559698,1.2257047802486398,11.766765890386901,9.24531605673263,23.848713009980607,6.33864472071441,5.32306075993696,3.78217475048152
2010-05,2.5,2010-05,32.882644711332695,23.6674471888612,0.125890676536495,2.2408540423496204,15.3586625374524,14.8802779666138,32.8574665760254,6.16864315028828,8.6361004104036,4.33063927285545
2010-06,2.67,2010-06,50.1073290401718,38.5157927016252,0.0,2.5145660840233,25.390984360625506,18.7672493100275,50.9659613615456,9.8129408157007,15.1487273842379,5.76510272922416
2010-07,2.69,2010-07,36.3854317244297,25.1736417163205,0.17628600641681,1.93914607058491,17.0644854211472,15.6541973698128,35.927088107746,5.95846701688819,10.0130451644748,4.01932094630328
2010-08,2.65,2010-08,26.4756730056803,20.400098789824604,0.0987898246480612,1.58063719436898,12.1511484317115,11.1632501852309,26.6732526549765,5.631020004939492,7.45863176092862,5.433440355643362
2010-09,2.64,2010-09,25.2245890706524,18.830175356008,0.0392295319916833,1.45149268369228,10.8273508297046,11.337334745596399,25.8718763485152,5.53136401082735,7.74783256835746,4.21717468910595
2010-10,2.56,2010-10,43.3246031996465,33.3848726767851,0.283992300653182,2.1141649048625704,20.889211448045106,18.932820043545398,43.8925878009529,10.097504023224198,9.2455271212647,6.94203401596667
2010-11,2.51,2010-11,48.64704133214379,38.953315492120105,0.148676776687481,2.43829913767469,22.3609872137972,20.9336901575974,50.490633363068596,12.4293785310734,11.7157300029735,9.21796015462384
2010-12,2.59,2010-12,50.437682367653,37.8282617757398,0.0521050437682367,2.96998749478949,23.447269695706506,22.1967486452688,49.7603167986659,10.785744060025001,12.0883701542309,8.6494372655273
2011-01,2.59,2011-01,90.6493506493505,70.38961038961041,0.259740259740259,4.67532467532467,44.9350649350649,35.3246753246753,90.12987012987007,17.4025974025974,20.0,14.5454545454545
2011-02,2.61,2011-02,101.84119677790501,62.14039125431521,0.5753739930955121,3.452243958573069,38.5500575373993,54.0851553509781,97.81357882623692,21.2888377445339,23.0149597238204,16.1104718066743
2011-03,2.62,2011-03,73.4214390602055,56.779246206558895,0.0,3.4263338228095903,35.242290748898604,33.284385707293204,75.379344101811,22.0264317180616,12.7263827704356,12.7263827704356
2011-04,2.69,2011-04,65.4107796964939,52.3286237571952,0.0,4.7095761381475585,31.920460491889,30.8738880167451,67.5039246467818,16.221873364730502,14.1287284144427,12.0355834641548
2011-05,2.72,2011-05,84.530853761623,62.552831783601,0.422654268808114,3.3812341504649104,33.8123415046492,40.9974640743871,84.530853761623,23.2459847844463,14.370245139475903,17.7514792899408
2011-06,2.85,2011-06,78.2726045883941,61.4035087719298,0.0,5.39811066126855,33.0634278002699,37.1120107962213,76.9230769230769,20.242914979757,24.2914979757085,14.1700404858299
2011-07,2.94,2011-07,76.24633431085059,69.4037145650049,0.0977517106549364,4.98533724340175,37.1456500488758,33.724340175953,84.4574780058653,23.558162267839602,11.1436950146627,20.527859237536603
2011-08,3.1,2011-08,78.3059110298598,59.4149908592321,0.0,3.6563071297989,36.258379037172396,32.6020719073735,76.782449725777,17.976843388177898,17.0627666057282,14.320536258378999
2011-09,3.08,2011-09,79.9151343705799,55.8698727015559,0.0,6.01131541725601,33.9462517680339,37.4823196605374,77.4398868458274,15.9123055162659,22.9844413012729,12.3762376237623
2011-10,3.08,2011-10,85.1408222725801,59.242473292327496,0.0,5.503399158303652,41.437358368404006,39.1712528326319,84.4933635480738,15.5390093881515,17.1576561994172,11.330527678860399
2011-11,3.16,2011-11,71.80722891566259,56.38554216867461,0.0,0.963855421686746,35.1807228915662,25.5421686746987,73.2530120481927,21.6867469879518,15.4216867469879,8.19277108433734
2011-12,3.02,2011-12,68.6883449031786,56.2659846547314,0.0,3.28827183047131,33.2480818414322,29.2290829375228,72.70734380708801,22.6525392765802,11.6916331750091,11.6916331750091
2012-01,2.7,2012-01,58.9905362776025,48.5804416403786,0.0,4.41640378548895,31.545741324921106,21.4511041009463,61.8296529968455,13.564668769716,13.564668769716,6.30914826498422
2012-02,2.67,2012-02,94.09120102761707,66.1528580603725,0.0,6.42260757867694,39.4990366088632,48.4906872190108,90.8798972382786,21.836865767501607,19.588953114964603,17.9833012202954
2012-03,2.43,2012-03,81.6636727925933,58.311455022799386,0.0,3.4544700842890603,36.89374050020721,37.584634517065,79.59099074201991,18.1014232416747,19.4832112753903,13.9560591405278
2012-04,2.32,2012-04,73.9021777936452,64.9767940021421,0.0,5.17672259907176,36.2370581935023,31.4173509460907,79.4359157443771,23.0274901820778,13.7450910389146,15.5301677972152
2012-05,2.32,2012-05,66.8769716088328,52.9968454258675,0.0,2.52365930599369,34.700315457413204,29.0220820189274,69.7160883280757,14.5110410094637,13.249211356466803,11.671924290220804
2012-06,2.34,2012-06,72.71503113953871,48.308365595017605,0.168321831341524,3.8714021208550697,29.456320484766803,36.8624810637939,71.03181282612341,13.465746507321901,19.1886887729338,10.604275374516
2012-07,2.24,2012-07,87.96940194714891,60.326842837274,0.17385257301808,5.3894297635605,37.2044506258692,43.463143254520205,85.7093184979138,18.7760778859527,17.385257301808,13.5605006954102
2012-08,2.13,2012-08,80.87982586779671,62.6646809485621,0.343681979608202,3.2076984763432206,37.8050177569022,35.3992438996448,83.05647840531529,19.2461908580593,16.8404170008019,13.6327185244587
2012-09,1.96,2012-09,95.9821428571429,70.6845238095238,0.0,5.20833333333333,44.1468253968254,43.1547619047619,94.4940476190477,21.0813492063492,20.5853174603174,14.632936507936499
2012-10,1.92,2012-10,85.5360855360853,57.172557172557106,0.742500742500742,4.9005049005049015,33.115533115533104,42.025542025542,84.199584199584,18.7110187110187,22.1265221265221,11.583011583011501
2012-11,1.92,2012-11,76.3811642565813,61.54987022617721,0.0,3.70782350760103,37.449017426770396,29.6625880608082,77.1227289581015,17.7975528364849,14.0897293288839,14.460511679644
2012-12,1.87,2012-12,71.6241533362155,55.7717250324253,0.0,2.01758178411874,33.866551376279,28.5343709468222,71.76826632079529,18.4464620262285,16.428880242109802,11.384925781812901
2013-01,1.86,2013-01,75.32667179093,63.7970791698693,0.0,3.84319754035357,39.2006149116064,28.4396617986164,80.7071483474251,19.2159877017678,13.8355111452728,13.0668716372021
2013-02,1.9005,2013-02,82.579005875814,72.0978243608068,0.317611561060822,6.51103700174686,47.4829283785929,29.061457837065202,86.2315388280134,22.7092266158488,16.5158011751627,12.069239320311198
2013-03,1.848947,2013-03,65.5166694310831,53.740255432078285,0.16586498590147594,4.1466246475369,38.314811743241,25.377342842925806,67.6729142478023,14.761983745231301,14.927848731132801,8.12738430917233
2013-04,1.821429,2013-04,74.9000631180306,61.645276667367895,0.21039343572480496,5.049442457395321,35.1357037660424,34.9253103303176,79.1079318325268,21.2497370082053,13.8859667578371,16.6210814222596
2013-05,1.763684,2013-05,79.4550408719345,58.3106267029973,0.326975476839237,5.01362397820163,34.659400544959105,38.2561307901907,79.23705722070841,17.8746594005449,17.983651226158,14.168937329700196
2013-06,1.7335,2013-06,72.6529535864977,59.335443037974606,0.0,3.56012658227848,39.9525316455696,28.085443037974702,74.89451476793231,18.1962025316455,15.0316455696202,10.548523206751
2013-07,1.688261,2013-07,84.8056537102472,55.2751135790004,0.504795557799091,5.55275113579,33.31650681474,38.11206461383129,78.243311458859,16.65825340737,30.035335689045898,11.8626956082786
2013-08,1.723182,2013-08,83.9416058394162,61.5070845856591,0.107342206955774,4.4010304851867685,39.0725633319021,33.276084156290196,80.3993130098756,16.9600686990124,22.9712322885358,12.3443537999141
2013-09,1.713809,2013-09,79.9673602611179,61.19951040391671,0.0,4.07996736026111,38.106895144838795,31.823745410036697,77.6825785393717,19.828641370869,18.4414524683802,13.3822929416564
2013-10,1.6852169999999995,2013-10,87.9012345679011,61.7283950617283,0.0,4.44444444444444,37.2839506172839,36.2962962962963,83.2098765432098,22.716049382715997,24.938271604938198,11.851851851851801
2013-11,1.6633330000000002,2013-11,77.2874058127017,58.5575888051667,0.0,5.8127018299246505,35.9526372443487,35.9526372443487,81.1625403659848,20.8826695371367,16.7922497308934,9.04198062432723
2013-12,1.6589470000000002,2013-12,68.78165822447329,51.1863503065848,0.0,2.93255131964809,32.258064516129,31.724873367102102,70.3812316715541,16.2623300453212,17.0621167688616,10.397227406025
2014-01,1.649091,2014-01,78.853046594982,60.931899641577,0.0,4.778972520908,43.010752688172,32.258064516129,83.0346475507765,16.1290322580645,18.5185185185185,8.9605734767025
2014-02,1.699,2014-02,79.21737055595321,57.50417561441179,0.0,5.9651634454784,38.5349558577905,32.0925793366738,74.32593653066091,16.7024576473395,17.656883798616,12.0496301598663
2014-03,1.7076189999999998,2014-03,82.0306204673648,59.790491539081295,0.0,2.57856567284448,37.3892022562449,39.64544721998379,84.9315068493148,17.7276390008058,15.7937147461724,13.376309427880699
2014-04,1.752105,2014-04,69.8022768124625,53.624925104853105,0.0,2.09706411024565,32.3547034152186,30.257639304973,69.8022768124625,16.1773517076093,16.1773517076093,13.780707010185699
2014-05,1.819,2014-05,71.70294494238159,48.399487836107504,0.0,2.8169014084507,36.6197183098591,24.5838668373879,66.0691421254802,9.98719590268886,19.462227912932104,4.86555697823303
2014-06,1.804,2014-06,75.0775257058919,60.0620205647134,0.16321201240411198,1.9585441488493505,37.2123388281377,29.7045862575485,76.3832218051248,18.116533376856502,17.3004733148359,13.546597029541301
2014-07,1.7152169999999998,2014-07,99.958694754234,71.73344348065541,1.51452567809445,6.19578686493184,42.6820872917527,48.8778741566846,97.6180641608153,22.029464408646497,21.2033594933223,17.348203221809097
2014-08,1.7223810000000002,2014-08,80.1084314825199,59.6373153860534,0.280426247896803,4.11291830248644,37.7640680501028,35.5206580669283,80.0149560665543,16.0777715460833,16.9190502897738,12.619181155356099
2014-09,1.700909,2014-09,76.861489191353,62.0496397117694,0.0,2.60208166533226,39.8318654923939,29.0232185748598,77.4619695756604,18.8150520416333,15.6124899919935,13.8110488390712
2014-10,1.625652,2014-10,79.7293010468434,59.6383631172676,0.21148355715343106,3.9124458073384702,37.0096225018504,35.8464629375065,79.9407846039969,19.2450037009622,19.4564872581156,12.4775298720524
2014-11,1.659,2014-11,84.0375043407799,61.0024308369024,0.347262414631323,4.05139483736543,38.8933904387082,41.5557356175483,84.61627503183209,17.3631207315661,20.0254659104063,14.5850214145155
2014-12,1.5345,2014-12,85.9329017068865,56.30763194035711,0.588581518540317,4.70865214832254,34.3339219148518,42.770257013929786,87.11006474396721,16.087894840102,24.9166176182067,11.183048852266
2015-01,1.388095,2015-01,73.350471293916,55.3556126820908,0.0,4.455869751499571,33.4190231362467,32.3907455012853,74.37874892887741,18.8517566409597,22.1079691516709,11.1396743787489
2015-02,1.38,2015-02,89.99866470823851,62.4916544264921,0.133529176124983,2.26999599412471,38.8569902523701,41.1269862464948,88.5298437708637,19.361730538122497,21.364668179997306,12.8188009079983
2015-03,1.38,2015-03,74.5634016704632,54.3659832953682,0.151860288534548,1.97418375094912,33.7129840546696,33.561123766135104,75.47456340167051,16.249050873196598,20.8048595292331,10.630220197418302
2015-04,1.47,2015-04,78.4346657709104,55.9287873698354,0.167954316425932,4.36681222707423,30.7356399059455,36.6140409808531,78.0987571380585,20.3224722875377,22.841787033926703,11.588847833389304
2015-05,1.49,2015-05,80.8080808080808,63.7626262626262,0.21043771043771,2.73569023569023,37.037037037037,37.037037037037,83.3333333333334,19.3602693602693,16.4141414141414,16.835016835016805
2015-06,1.35,2015-06,87.3918980427853,63.49567592171129,0.227583067819754,5.461993627674099,42.558033682294,37.7787892580791,83.5229858898495,18.2066454255803,23.8962221210742,13.882567137005001
2015-07,1.27,2015-07,87.8463476070529,51.952141057934504,0.629722921914357,1.88916876574307,32.7455919395465,42.5062972292191,82.49370277078079,14.4836272040302,25.1889168765743,13.5390428211586
2015-08,1.2,2015-08,78.5757211538462,58.14302884615379,0.300480769230769,5.7091346153846105,32.9026442307692,38.3112980769231,78.8762019230769,19.8317307692307,20.432692307692303,13.671875
2015-09,1.16,2015-09,84.3866171003718,57.4349442379181,0.557620817843866,4.27509293680297,34.572490706319606,42.3791821561337,83.6431226765799,18.5873605947955,21.93308550185869,14.1263940520446
2015-10,1.11,2015-10,80.89048672566379,60.84070796460179,0.138274336283185,2.6272123893805297,36.366150442477796,38.1637168141593,81.720132743363,18.943584070796398,19.2201327433628,15.348451327433601
2015-11,1.15,2015-11,88.79860708067308,56.877539175856,0.0,5.22344747533372,34.8229831688914,44.689495066744,84.7359257109691,17.4114915844457,26.6976204294834,14.799767846778801
2015-12,1.14,2015-12,83.56807511737091,56.338028169013995,0.0,1.87793427230046,30.985915492957698,39.4366197183098,82.6291079812206,19.7183098591549,26.2910798122065,15.0234741784037
2016-01,1.16,2016-01,75.2745306411617,54.02054551895139,0.0,4.60503010981225,34.714842366277,37.3715905065533,77.75416223875291,17.3574211831385,22.3166843783209,12.0439249025859
2016-02,1.09,2016-02,68.35672249886811,47.0801267541873,0.0,4.07424173834314,19.4658216387505,35.3100950656405,70.620190131281,22.181982797645894,19.0131281122679,11.3173381620642
2016-03,1.02,2016-03,85.70521637921921,61.6865940112157,0.0,4.44397418262617,36.3982647338906,39.572532007195,85.493598560999,22.8547243677917,19.468839276266998,13.2261136387683
2016-04,0.98,2016-04,70.52709725315509,54.9368968077209,0.24746349913387694,4.70180648354367,29.9430833951992,37.3669883692155,75.4763672358327,18.3122989359069,11.6307844592922,16.8275179411036
2016-05,0.98,2016-05,81.3905930470347,58.241308793456106,0.16359918200409,4.41717791411042,35.337423312883395,37.2188139059305,80.3271983640081,20.122699386503,19.7955010224948,12.6789366053169
2016-06,1.02,2016-06,77.7111927314904,62.43959017977961,0.0,3.0929827952832003,42.33520201043879,28.4167794316644,78.4844384303113,17.7846510728784,16.0448482505316,9.858882659965197
2016-07,1.01,2016-07,92.7659574468083,70.2978723404254,0.340425531914893,3.91489361702127,45.4468085106382,39.3191489361702,93.27659574468059,20.7659574468085,18.212765957446802,13.6170212765957
2016-08,1.08,2016-08,89.3437296946068,64.3274853801169,0.649772579597141,4.54840805717998,39.6361273554255,40.77322936972049,89.50617283950609,17.0565302144249,20.305393112410602,14.4574398960363
2016-09,1.09,2016-09,66.62329212752111,51.91932335718929,0.0,4.29407937540663,33.181522446324,27.065712426805398,66.2329212752114,15.6148340923877,16.6558230318802,10.8002602472348
2016-10,1.11,2016-10,73.3364573570758,56.9353327085285,0.0,4.2174320524835895,30.342080599812498,36.0824742268041,74.1565135895032,21.555763823805,17.9240862230553,18.2755388940956
2016-11,1.1,2016-11,59.0739755188929,44.7046301224055,0.0,1.59659393294305,28.738690792974896,23.416711016498102,59.872272485364505,13.0388504523682,15.9659393294305,7.98296966471527
2016-12,1.16,2016-12,71.7086834733893,50.980392156862706,0.0,2.80112044817927,31.372549019607806,31.372549019607806,67.2268907563025,16.8067226890756,16.2464985994397,9.52380952380952
2017-01,1.08,2017-01,87.793427230047,48.356807511737,0.0,4.22535211267605,30.516431924882607,50.2347417840376,84.037558685446,18.309859154929498,25.8215962441314,12.206572769953
2017-02,1.02,2017-02,80.49442267108809,52.7585167319867,0.753693096171239,3.01477238468495,30.298462466083798,35.8757913777509,74.917093759421,18.088634308109697,27.585167319867306,11.757612300271301
2017-03,0.96,2017-03,86.2237420615535,60.087933561309214,0.0,3.663898387884701,36.1504640937958,38.5930630190522,82.8041035661945,19.7850512945774,21.983390327308197,13.4342940889106
2017-04,0.98,2017-04,75.52447552447559,64.024864024864,0.466200466200466,5.439005439005442,35.1204351204351,35.1204351204351,83.4498834498836,25.6410256410256,16.783216783216698,12.8982128982129
2017-05,0.9,2017-05,85.2042196375437,65.45847984852571,0.540979172301866,2.70489586150933,45.442250473356715,32.188260751961,85.74519880984559,16.2293751690559,23.262104408980196,10.2786042737354
2017-06,0.87,2017-06,85.8111927642735,64.2170717919729,0.226116449971735,6.218202374222718,39.0050876201243,42.3968343697004,87.9592990390049,23.4030525720746,17.863199547767,14.245336348219302
2017-07,0.84,2017-07,68.3302848183955,54.6119675986411,0.0,4.44212176639665,36.320877972302,28.612490201201897,69.767441860465,17.3765351450222,15.8087274627645,10.7133524954272
2017-08,0.8,2017-08,84.29685399300901,55.525678945953295,0.13444474321053998,3.76445280989513,34.9556332347405,35.224522721161605,78.5157300349558,17.612261360580803,23.7967195482656,11.965582145738
2017-09,0.8,2017-09,75.52397012768009,55.167429535051696,0.12045290291496,3.49313418453384,36.376776680317896,29.2700554083353,72.3921946518911,16.7429535051794,18.429294145988894,9.75668513611177
2017-10,0.82,2017-10,84.7557386698057,66.8040023543261,0.294290759270158,3.82577987051206,31.1948204826368,42.3778693349029,92.1130076515597,30.3119482048263,21.777516185991697,14.1259564449676
2017-11,0.78,2017-11,85.429141716567,61.277445109780395,0.0,4.59081836327345,35.7285429141716,41.317365269461,84.2315369261478,19.760479041916106,23.5528942115768,15.9680638722554
2017-12,0.83,2017-12,87.01442841287451,67.9245283018868,0.0,6.21531631520532,40.6215316315205,39.067702552719204,86.12652608213091,23.751387347391702,20.865704772475,15.760266370699199
2018-01,0.84,2018-01,76.2337662337661,59.4805194805194,0.0,5.19480519480519,35.3246753246753,33.7662337662337,77.7922077922077,19.3506493506493,22.467532467532397,12.337662337662303
2018-02,0.93,2018-02,61.33700895933829,39.283252929014395,0.0,2.0675396278428604,18.607856650585802,35.1481736733287,62.37077877325971,18.607856650585802,19.2970365265334,12.0606478290833
2018-03,1.07,2018-03,83.2446494028616,58.2949036301289,0.0,4.84805486579165,35.473572188719395,42.45004138583421,83.4811398841197,19.983445666311894,19.8652004256828,13.8346931536005
2018-04,1.14,2018-04,65.0172612197929,55.9551208285386,0.0,3.8837744533947,29.487917146144905,30.782508630609797,71.34637514384359,24.309551208285303,14.096662830839998,14.096662830839998
2018-05,1.07,2018-05,92.4700041373604,77.782374844849,0.0,9.51592883740173,45.5109640049648,40.13239553165079,96.19362846503941,28.340918494000807,17.376913529168302,16.7563094745552
2018-06,1.01,2018-06,82.0642978003383,53.299492385786714,0.0,1.69204737732656,27.9187817258883,46.5313028764805,82.0642978003383,24.5346869712352,16.0744500846023,15.228426395939
2018-07,1.04,2018-07,71.2385456695241,48.7732781554833,0.0,2.36476500147797,30.741945019213706,33.402305645876396,69.1693762932308,15.9621637599763,16.5533550103458,10.345846881466098
2018-08,1.04,2018-08,95.89041095890421,64.34205064342049,0.4151100041511,4.9813200498132,29.887920298879102,54.3794105437941,92.1544209215443,23.2461602324616,22.0008302200083,24.4914902449149
2018-09,1.09,2018-09,73.47493208199549,56.0632254877748,0.12348728081007597,4.32205482835267,32.9711039762904,34.6999259076315,74.092368486046,16.5472956285502,13.954062731538599,13.0896517658681
2018-10,1.09,2018-10,68.019368226885,53.1473368688033,0.0,4.49619552686188,33.5485358542771,30.2052109753286,69.51810006917229,17.1777726539082,17.5236338482822,11.4134194143417
2018-11,1.2,2018-11,77.0031940008329,63.880016664352105,0.0694348007221219,4.37439244549368,41.8691848354395,31.4539647271212,82.2108040549921,18.9557005971392,16.594917372587098,10.6929593112067
2018-12,1.28,2018-12,86.87258687258671,74.2500742500742,0.742500742500742,4.158004158004149,43.80754380754371,37.2735372735372,93.10959310959292,24.3540243540243,17.3745173745173,15.8895158895158
2019-01,1.26,2019-01,74.52481881580741,62.217968002187796,0.0,3.1450840968138905,39.6554081772186,28.852728018596892,77.9433884862572,16.2723916313414,16.682619991795402,12.4435936004375
2019-02,1.27,2019-02,89.8395721925135,61.6755793226381,0.35650623885918,3.2085561497326203,30.659536541889402,48.8413547237077,90.1960784313727,23.885918003565006,28.163992869875198,19.6078431372549
2019-03,1.34,2019-03,75.269809058205,62.3558712295914,0.0922424130615257,4.3353934138917,38.0961165944101,32.469329397657,78.1293238631124,18.1717553731205,16.0501798727054,14.574301263721
2019-04,1.4,2019-04,76.1714855433698,56.630109670987,0.199401794616151,1.99401794616151,31.1066799601196,34.297108673978,76.9690927218344,20.3389830508474,19.5413758723828,12.7617148554337
2019-05,1.46,2019-05,69.2913385826772,53.018372703412105,0.0,3.6745406824146896,28.521434820647396,32.3709536307961,71.2160979877515,22.5721784776902,15.7480314960629,12.423447069116301
2019-06,1.51,2019-06,82.5297151827764,61.6730208566943,0.448531060775958,3.13971742543171,32.518501906257,40.14352993944829,82.75398071316441,23.7721462211258,20.856694326082,17.268445839874403
2019-07,1.57,2019-07,62.293638564824896,47.5456746643187,0.0,5.94320933303984,27.955095751705894,32.7977107638124,68.2368478978647,18.9302223200528,14.527845036319599,7.92427911071979
2019-08,1.61,2019-08,92.3178371249587,68.578964721398,,2.63765248928453,41.872733267392,45.16979887899771,94.9554896142432,24.727992087042495,21.1012199142762,13.847675568743801
2019-09,1.7,2019-09,70.047846889952,57.7990430622009,0.191387559808612,5.55023923444976,32.7272727272727,32.1531100478468,74.2583732057415,22.5837320574162,14.5454545454545,9.95215311004784
