time,country_name,index_All_sentiment,index_All_sentiment_(w/o_pos_and_neg),index_Crisis_sentiment,index_Fear_sentiment,index_Hedging_sentiment,index_Negative_sentiment,index_Negative_sentiment_+,index_Opinion_sentiment,index_Positive_sentiment,index_Risk_sentiment,pred_All_sentiment,pred_All_sentiment_(w/o_pos_and_neg),pred_Crisis_sentiment,pred_Fear_sentiment,pred_Hedging_sentiment,pred_Negative_sentiment,pred_Negative_sentiment_+,pred_Opinion_sentiment,pred_Positive_sentiment,pred_Risk_sentiment
1980-01,Mexico,56.934564350940896,38.8981383381262,0.176580394531052,2.4468997527874397,26.562736491599804,23.106805912920603,54.6390192220372,8.475858937490539,15.488623177437999,5.49921800110993,,,,,,,,,,
1980-02,Mexico,19.509227337254,16.088690596903902,0.0540796322585006,0.8923139322652601,10.4779287500844,6.73291421618333,20.807138511458103,3.2988575677685295,5.25924423713918,2.97437977421753,,,,,,,,,,
1980-03,Mexico,30.3346783764538,22.406835983859402,0.237360550676477,0.9494422027059101,14.5027296463327,11.298362212200301,30.809399477806696,4.509850462853071,8.212675053406121,4.1775456919059994,,,,,,,,,,
1980-04,Mexico,21.535472955331002,18.1829575243605,0.0731078131364296,0.563974558481028,12.887863058622,6.0992804102392695,22.4336546595786,3.39429132419137,5.27420651912813,2.6632131928270804,,,,,,,,,,
1980-05,Mexico,30.216685441654,24.319130607646898,0.099396991584388,0.9939699158438801,16.8312239082897,9.70777284474191,30.9455967132728,6.295142800344571,7.289112716188459,2.98190974753164,,,,,,,,,,
1980-06,Mexico,23.5805663360644,18.3484260457093,0.0646830530401035,0.733074601121173,12.8503665373005,8.38004887164006,24.263331895932197,3.40664079344545,5.95084087968952,2.6663791864309303,,,,,,,,,,
1980-07,Mexico,16.0144720556032,13.151797899013,0.0380843568504236,0.501444031863911,9.248151321844562,5.03348249706433,16.547653051509098,2.50722015931955,3.5481925798978002,1.84074391443714,,,,,,,,,,
1980-08,Mexico,37.3037730652712,28.118975488846,0.16524373450839902,1.14293583034976,19.5951528504544,14.045717433213902,37.7168824015422,5.61828697328559,9.40512255576976,4.73698705590746,,,,,,,,,,
1980-09,Mexico,26.906965592740303,20.7185444543966,0.13571098987596,0.886645133856273,13.9510897592487,9.47262709334202,26.997439585990897,4.25227768278008,6.83983388974839,3.6099123307005296,,,,,,,,,,
1980-10,Mexico,21.6315750316196,17.8093147831262,0.10229893609106401,0.7532921657614761,12.3316717506137,6.909828137787371,22.347667584257003,3.26426605163306,5.514842645636491,2.94806934007886,,,,,,,,,,
1980-11,Mexico,35.6019814774931,27.1376265345682,0.236915787206547,1.70148610811975,18.6517337928063,12.599612319620901,35.192763299590794,5.6644410941201695,10.1443032522076,3.89834158948955,,,,,,,,,,
1980-12,Mexico,21.6190206136846,17.5289356327172,0.0257778465187018,0.6874092404987149,12.287440173914499,7.724761340104309,22.864949862088498,3.46282404901227,4.93216130057828,2.6980812689574503,,,,,,,,,,
1981-01,Mexico,21.3771804206421,16.8394899842992,0.0690143032143411,0.8454252143756791,10.9215134836694,8.36798426473886,22.5676771510895,3.93381528321744,4.76198692178954,2.79507928018081,,,,,,,,,,
1981-02,Mexico,23.425158349256,18.7762348232957,0.0601802398182556,0.9478387771375271,12.6077602419245,8.48541381437404,24.6889433854394,3.43027366964057,5.7923480825071,3.49045390945882,,,,,,,,,,
1981-03,Mexico,37.006221964983396,27.8903197800607,0.0723484300390681,1.59166546085949,19.2808566054116,13.890898567500999,37.3317899001592,6.9092750687310005,10.309651280567198,3.25567935175806,,,,,,,,,,
1981-04,Mexico,42.863136304307396,28.482192802535895,0.139847100503449,1.67816520604139,18.4831251165392,18.389893716203602,41.9075144508671,7.202125675927641,13.6117844490024,4.35856796569084,,,,,,,,,,
1981-05,Mexico,43.5535169519027,33.9254419178259,0.0649083710162487,2.4448819749453596,25.1411757069603,14.7558363443605,43.575153075574796,6.62065384365737,11.8133235249572,3.3968714165170097,,,,,,,,,,
1981-06,Mexico,33.844438910432,22.8040841011775,0.0355757942296061,1.2925871903423503,15.3568845091133,14.2540348879955,33.0854886335337,5.5023895075124205,9.85449500160091,3.2255386768176204,,,,,,,,,,
1981-07,Mexico,34.0377269942248,25.4207459359397,0.0651813998357428,1.32970055664915,17.0775267569646,12.788590647772699,33.9855818743562,6.087942744658379,8.33018289900794,3.4937230311958096,,,,,,,,,,
1981-08,Mexico,22.5619226681925,17.3535285118706,0.0700680828204738,0.747392883418387,12.004998189907802,8.186287676192041,22.900585068491395,3.6668963342714602,6.130957246791461,2.8027233128189506,,,,,,,,,,
1981-09,Mexico,30.344286981455003,22.020752109247603,0.051570848031025,0.814819398890195,15.5847102749757,11.190874022732402,30.344286981455102,4.85797388452255,8.18945066732676,2.6197990799760698,,,,,,,,,,
1981-10,Mexico,48.8452110553895,38.545438190118496,0.17990869633660897,2.51872174871252,25.232194661209398,19.205253333933,50.351946387208606,10.1873299300605,12.7285402658151,5.802055456855639,,,,,,,,,,
1981-11,Mexico,45.4826291526069,33.981274654246505,0.166341903901905,2.37631291288436,23.192814029751396,17.9411624922769,46.19552302647221,8.00817451642032,11.453828240102599,4.37241575970723,,,,,,,,,,
1981-12,Mexico,40.3375311640988,28.127597008246397,0.21308785612307898,1.91779070510771,18.2616292697479,18.1124677704617,40.5080014489972,6.07300389950776,11.165803660849301,5.156726118178519,,,,,,,,,,
1982-01,Mexico,47.8144009053615,35.1770641769227,0.0943084830480501,2.35771207620125,21.7852595840995,21.0307917197151,48.6160230112699,9.71377375394916,11.977177347102302,5.988588673551179,,,,,,,,1.0,,1.0
1982-02,Mexico,31.3305468477881,21.7520027864855,0.12190874259839699,1.2539184952978,14.367816091954,13.2009752699408,30.7210031347961,5.45106234761407,8.76001393242773,3.3611981887843903,,,,,,,,,,
1982-03,Mexico,28.0888744612166,20.622554058684603,0.144276722754242,1.34357698064888,13.9768075168172,11.929881512741401,28.3503760212087,5.0226334108820705,6.591642770834451,2.9757074068062503,,,,,,,,,,
1982-04,Mexico,22.4115418370185,15.4975704775563,0.07491919429757901,0.6849754907207221,10.3709570391934,9.57895412804759,21.983432155318102,3.94931181368666,5.693858766616,2.35460324935248,,,,,,,,,,
1982-05,Mexico,21.9383849980866,16.934557979334098,0.0765403750478377,1.06199770378874,11.5097588978186,8.71603520857255,22.65595101416,4.13318025258323,4.6115575966322195,2.18140068886337,,,,,,,,,,
1982-06,Mexico,12.8712871287129,9.840984098409859,0.09000900090009001,0.570057005700569,6.61566156615661,4.6954695469546905,12.586258625862598,2.19021902190218,4.14041404140414,1.26012601260126,,,,,,,,,,
1982-07,Mexico,52.0815560484558,40.8206790650058,0.21327418529261202,2.68725473468691,26.9578570209861,20.1757379286811,53.48916567138699,10.962293124040198,13.0950349769663,5.203890121139731,,1.0,,1.0,1.0,,1.0,1.0,,
1982-08,Mexico,32.308148425553,22.4620041818805,0.187248384982679,1.4901850638204899,14.691196205099402,14.6599881409356,32.1287020566113,5.0791124426551795,8.37156321193396,4.01803826108666,,,,,,,,,,
1982-09,Mexico,58.0646708309853,41.4113923291809,0.479576054767585,2.6496577025909103,27.5156761422902,26.052969175249,58.4003740693227,9.21984965290683,14.291366432074001,7.6252592708046105,1.0,1.0,1.0,,1.0,1.0,1.0,,,1.0
1982-10,Mexico,51.806474341409704,38.125807335499104,0.37186362390887295,2.27032528281207,23.8579872392061,23.172975300426604,52.2957685833951,10.3730379300896,12.8977962187341,7.51555955689513,,,1.0,,,,,,,1.0
1982-11,Mexico,52.605942523136996,37.2045554705078,0.37111776030431604,2.0411476816737397,25.398371720826603,22.1278964581449,52.2812144828707,8.51251362698025,13.9169160114118,5.19564864426043,,,1.0,,,,,,,
1982-12,Mexico,63.5704025634414,47.512062170822404,0.644543479061544,2.9833155316562903,30.0173105962947,27.4575522080217,64.2886081543957,12.559390077713498,16.5187285919487,8.15807889212184,1.0,1.0,1.0,,1.0,1.0,1.0,1.0,1.0,1.0
1983-01,Mexico,34.395997140815,25.589706933524,0.24303073624017102,1.2866333095067901,17.0693352394567,14.5961401000715,34.9106504646177,5.47533952823445,8.06290207290921,4.40314510364546,,,,,,,,,,
1983-02,Mexico,52.61380901468701,39.1930673569299,0.0844071802374655,2.30712959315739,25.4628327049687,21.4956952338078,52.1917731134997,10.0444544482584,14.433627820606599,6.38680997130155,,,,,,,,,,
1983-03,Mexico,57.6642842273262,41.634862257997206,0.399000763305808,2.58483103185067,26.993269030601603,25.6748317257649,58.2714593019219,10.2525848310318,14.8324196794115,7.11262230240788,,,,,,,,,,
1983-04,Mexico,54.135672960773,35.3805073431241,0.38146099561319796,2.3523428062813903,24.095619556233697,24.2545616377392,52.2919448153092,7.72458516116727,14.336575751796,5.37224235488588,,,,,,,,,,
1983-05,Mexico,61.250020047793996,42.9343555035204,0.240573527289057,3.06330291414732,28.692402688008197,25.997979182370702,59.9028082949753,10.2163557922086,16.0061586822985,6.687944058635781,,,,,,,,,,
1983-08,Mexico,56.8828213879408,40.2864217359298,0.0669209663387539,2.94452251890517,26.9691494345178,25.028441410693897,56.7489794552633,10.1050659171518,14.120323897477,5.62136117245533,,,,,,,,,,
1983-09,Mexico,58.6833482275842,40.1549002085195,0.23830801310694003,2.74054215072981,26.09472743521,26.3330354483169,56.7768841227287,10.545129579982099,16.5624069109323,7.566279416145361,,,,,,,,,,
1983-10,Mexico,40.0047695701424,30.7637274190663,0.0596196267811363,1.72896917665295,20.986108626959897,16.0376796041256,41.1971621057651,7.86979073510999,10.850772074166802,5.30614678352113,,,,,,,,,,
1983-11,Mexico,49.7302073143794,38.402069988324705,0.378656400870909,2.61904010602379,25.1175412577703,19.437695244706603,49.9510902148874,10.0028399230065,13.0320911299738,6.026947713861969,,,,,,,,,,
1983-12,Mexico,54.165654602866205,40.514938061695396,0.0971581248481904,2.81758562059752,26.621326208404103,21.2776293417537,54.068496478018105,10.0558659217877,13.699295603594802,6.89822686422151,,,,,,,,,,
1984-01,Mexico,54.7050219405167,43.3934666016576,0.48756704046806393,3.6079960994636697,26.816187225743498,24.280838615309502,58.8005850804484,12.6767430521696,14.4319843978547,6.92345197464651,,,,,,,,,,
1984-02,Mexico,53.328861311420404,37.90038571189,0.20124098608083102,2.34781150427637,25.490524903572002,20.325339594164,51.7860137514674,10.0285091396947,15.763877242998399,4.930404158980379,,,,,,,,,,
1984-03,Mexico,59.966183004994,42.507176280917,0.432542959380283,2.5952577562817,28.7444457551807,24.340371986944998,58.7471983012859,9.12272423420234,15.453580276041,6.84204317565176,,,,,,,,,,
1984-04,Mexico,58.3013698630135,42.273972602739605,0.0821917808219178,2.82191780821917,28.2465753424657,23.3424657534246,57.2876712328765,9.75342465753425,16.109589041095802,6.8493150684931505,,,,,,,,,,
1984-05,Mexico,58.531950927341,45.644181915816404,0.123920855880044,3.2219422528811603,28.9974802759304,24.990705935808897,60.18422900574161,11.4833326448841,14.333512330125101,8.344004295923,,,,,,,,,,
1984-06,Mexico,65.55231840402921,49.306207100883796,0.419732358895856,3.4566194262011702,31.3317860846377,28.813391931262498,66.2189521505109,11.8265764653597,15.5054071403881,9.75260480963902,,,,,,,,,,1.0
1984-07,Mexico,55.4329950663832,42.878344230074894,0.280774938831174,2.24619951064939,28.197825999759303,22.060888051020697,56.1950984717821,11.190886847699598,12.6749829529501,7.34025911515783,,,,,,,,,,
1984-08,Mexico,58.86394869445721,45.7321728508169,0.0,3.81737669873263,31.531531531531503,22.675217590471803,60.08550923805161,11.7575202320965,14.276988853259999,5.9551076500229,,,,,,,,,,
1984-09,Mexico,57.55657047955171,44.4778908034046,0.0518995225243927,2.9582727838903797,31.2435125596844,21.278804235000997,56.9856757317834,10.431804027402901,11.417894955366302,6.02034461282956,,,,,,,,,,
1984-10,Mexico,46.8121160771022,36.4329591188307,0.0,2.11819529760643,26.4774412200804,17.1573819106121,48.2948527854268,7.83732260114382,8.896420249947038,4.23639059521287,,,,,,,,,,
1984-11,Mexico,45.6936226166994,36.5987289064211,0.0,2.52027175104098,24.9835634451019,16.3269778654394,46.460661845277,8.76616261231646,10.6289721674337,4.49265833881218,,,,,,,,,,
1984-12,Mexico,67.0625,52.75,0.0625,4.0625,33.0,29.0,68.125,15.1875,14.3125,10.6875,,1.0,,1.0,,,,1.0,,1.0
1985-01,Mexico,54.749124854142295,44.5274212368728,0.0933488914819136,2.56709451575262,30.945157526254302,19.6499416569428,57.9696616102683,10.828471411901901,13.6289381563593,5.41423570595099,,,,,,,,,,
1985-02,Mexico,55.2299685873691,42.289840123775,0.0468845234188194,2.53176426461625,27.9900604810352,22.926531951802602,56.448966196258404,10.9709784800037,12.8932439401753,6.329410661540621,,,,,,,,,,
1985-03,Mexico,59.53147641281571,41.0159394622443,0.16100466913540398,3.09933988085654,26.284012236354798,26.968282080180302,59.6522299146673,11.350829174046,13.7256480437932,6.84269843825471,,,,,,,,,,
1985-04,Mexico,43.8346607755363,31.160979012848102,0.290680774373582,1.8603569559909299,20.7546072902738,18.836114179408103,43.485843846288006,7.964653217836171,11.7435032846927,4.592756235102611,,,,,,,,,,
1985-05,Mexico,51.916394377885,35.734661065297395,0.259322649240184,2.38576837300969,24.2207354390332,22.509205954048,49.9455422436596,7.77967947720554,13.640371350033698,6.6905243503967595,,,,,,,,,,
1985-06,Mexico,43.042001295972604,29.905551082922603,0.17672354546704103,2.0225027981228,20.146484183242602,17.9079859406601,42.1976554676301,7.16712156616333,11.8797494452844,4.24136509120898,,,,,,,,,,
1985-07,Mexico,45.8864255726596,34.1017897915592,0.0736539736318774,1.84134934079693,24.3058112985195,17.897915592546198,46.1810414671871,7.88097517861088,10.311556308462801,4.41923841791264,,,,,,,,,,
1985-08,Mexico,64.7900370522847,48.1165088513791,0.257307533964594,3.24207492795389,30.671058048579603,28.2523672293124,67.00288184438021,13.225607245780099,14.7694524495677,7.71922601893783,,,,,,,,,,
1985-09,Mexico,50.1948742175506,36.1993622298334,0.20668477618991302,2.36211172788472,23.503011692452997,22.6762725876933,50.608243769930496,9.12365654895476,11.6629266564308,6.584386441478679,,,,,,,,,,
1985-10,Mexico,56.2099046196667,40.799701300023706,0.23760225382709302,2.6136247920980202,27.493975085706502,24.2693730694817,57.9410067546926,9.94535148161976,13.407555751671698,5.193306405077889,,,,,,,,,,
1985-11,Mexico,58.0311692379982,43.1513822538961,0.0783146683373795,3.17174406766387,29.0155846189991,24.864907197118,59.401675933902396,12.0213015897877,14.6056856449212,5.756128122797401,,,,,,,,,,
1985-12,Mexico,45.365630332542494,33.795313605527,0.0416198443417821,2.03937237274732,23.806550963499397,19.1451283972198,47.072043950555496,7.3250926041536495,10.113622175053,4.24522412286178,,,,,,,,,,
1986-01,Mexico,57.3355160586218,40.770190208918,0.23386342376052302,2.2217025257249703,26.348612410352303,24.321796071094397,57.101652634861296,10.3289678827564,14.8113501714998,6.8989710009354495,,,,,,,,,,
1986-02,Mexico,59.1591451152783,39.727821166347,0.35074591965580104,2.54875368283215,25.7213674414254,27.171117242669396,59.042229808726304,9.84426881167283,17.958191086377,6.126362063321331,,,,,,,,,1.0,
1986-03,Mexico,65.2231317665698,44.5970131737229,0.23472112196696301,2.64061262212833,28.4012557580025,30.4550655752134,64.07886629698089,11.471994836135302,17.3106827450634,9.30082445794091,,,,,,,,,,
1986-04,Mexico,51.475493969720105,35.1552476263792,0.0,1.8988965871182901,24.018475750577302,22.5301513985116,50.8596356171412,8.57069540672312,14.7292789325121,5.79933282011804,,,,,,,,,,
1986-05,Mexico,57.286775377785396,40.097896923646104,0.14229204018327202,2.70354876348217,26.7224451464185,24.901107032072602,56.4614815447225,9.24898261191269,15.5952076040866,7.342269273456839,,,,,,,,,,
1986-06,Mexico,46.6717524401933,33.0770885902627,0.117364004459832,2.3472800891966403,20.264851436731,22.807738200027398,48.236605832990996,9.5064843612464,11.345187097783699,6.337656240830929,,,,,,,,,,
1986-07,Mexico,65.0214530480604,46.2752325280041,0.287960376652172,2.59164338986955,29.170386154865,28.479281250899803,64.7334926714083,12.8142367610216,17.220030523799903,7.77493016960866,,,,,,,,,,
1986-08,Mexico,68.3935568132347,50.19590770570311,0.21767522855899,3.1780583369612496,31.5629081410535,29.037875489769203,68.3935568132347,14.497170222028698,17.1963430561602,8.79407923378319,,,,,,,,1.0,,
1986-09,Mexico,62.7954085077651,43.539150223822794,0.125040638207417,2.7759021682046603,28.009102958461398,27.058794108085102,61.1448720834272,11.9288768849876,16.3052992222472,7.252357016030201,,,,,,,,,,
1986-10,Mexico,46.286745745229304,34.7472924187725,0.0644662197008767,2.2563176895306802,22.434244455905105,19.5977307890665,46.5446106240329,10.250128932439301,10.3145951521402,5.866425992779781,,,,,,,,,,
1986-11,Mexico,47.534316217590195,37.7478393492628,0.0,1.9700050838840801,23.512963904422897,18.8739196746314,48.36044738179971,11.438739196746301,9.53228266395526,7.498729028978129,,,,,,,,,,
1986-12,Mexico,52.8584978873845,41.5624730533758,0.0,1.72458394412348,28.1107182892127,20.2638613434509,54.6693110287142,11.2960248340088,10.6061912563594,6.122273001638349,,,,,,,,,,
1987-01,Mexico,55.5911361598564,43.166389137953,0.38427052645062104,2.1134878954784098,27.6034328167029,21.3910593057512,56.1675419495323,12.1685666709363,11.015755091584401,6.72473421288587,,,1.0,,,,,,,
1987-02,Mexico,59.485294117647,44.19117647058821,0.0,2.5,29.9264705882353,24.4117647058823,58.8970588235293,11.911764705882302,13.3823529411764,6.838235294117639,,,,,,,,,,
1987-03,Mexico,43.0487949661639,32.624955479045404,0.118722545411373,1.8758162174997,22.201115991926798,18.069571411610998,44.212275911195405,7.883177015315209,8.52427876053663,5.17630297993588,,,,,,,,,,
1987-04,Mexico,55.403868031854294,42.6621160409556,0.0,2.16154721274175,26.3936291240045,23.435722411831602,55.745164960181896,12.9692832764505,12.400455062571002,9.21501706484641,,,,,,,,,,1.0
1987-05,Mexico,48.822979518993904,34.630747004334104,0.169966856462989,2.5919945610605897,22.605591909577605,21.4158239143367,48.7804878048781,8.07342568199201,12.7050225206084,5.99133169032038,,,,,,,,,,
1987-06,Mexico,34.0938955919245,25.277744594433198,0.11946004061641301,1.55298052801338,16.4615935969418,14.3113128658463,34.5956277625135,6.785330307012299,8.648906940628361,3.89439732409509,,,,,,,,,,
1987-07,Mexico,54.5812033031851,40.6606370428627,0.157294534014942,2.35941801022414,28.3916633896972,23.1222965001966,55.36767597325979,9.59496657491151,12.347620920172998,6.213134093590241,,,,,,,,,,
1987-08,Mexico,39.716765159985,28.0572858435819,0.10647926316349801,1.49070968428898,18.1014747377948,17.7820369483043,40.249161475802495,8.252142895171161,7.87946547409891,4.578608316030451,,,,,,,,,,
1987-09,Mexico,48.819210160746096,38.301250248065,0.19845207382417102,1.98452073824171,28.180194483032302,17.463782496527,49.017662234570295,10.914864060329402,13.0978368723953,5.3582059932526205,,,,,,,,,,
1987-10,Mexico,31.2299984550531,23.659758546867,0.220706702862565,1.1697455251715903,15.603963892383401,12.6685647443112,32.201107947648396,6.245999691010621,7.062614491602111,3.48716590522854,,,,,,,,,,
1987-11,Mexico,51.211072664359705,38.8531883341571,0.0988630746416213,2.86702916460702,24.8146317350469,23.430548690064203,52.99060800790879,11.2703905091448,10.973801285219901,6.5249629263469995,,,,,,,,,,
1987-12,Mexico,52.5360125892748,39.151261521434606,0.293980320611479,1.88493264392066,25.7838034136303,21.0282394037387,53.3660746710013,9.891573140574462,13.557680668199902,5.8104345720857005,,,,,,,,,,
1988-01,Mexico,37.113900586327,27.281336261610605,0.181338276480425,2.0350184360581003,16.8241623179061,16.7637162257459,38.1616328504361,8.240817231166,8.825129455380688,4.71479518849106,,,,,,,,,,
1988-02,Mexico,37.6197799597776,28.0373831775701,0.138018060649079,2.07027090973618,17.508576836626002,17.2128238495208,39.0591111636894,7.748728262155439,9.18805946606727,5.244686304665,,,,,,,,,,
1988-03,Mexico,40.8577812599749,31.281738777168304,0.0580366211079191,2.17637329154696,20.2547807666637,17.7592060590232,41.525202402716,8.24120019732451,9.634079103914571,5.80366211079191,,,,,,,,,,
1988-04,Mexico,21.5047564139521,18.3914672816373,0.115307004900547,0.6341885269530121,12.568463534159601,6.3418852695301196,22.3695589507062,3.68982415681752,5.5347362352262905,2.7097146151628704,,,,,,,,,,
1988-05,Mexico,32.2885116573923,24.4840459251954,0.0845248996266817,1.67641050926252,16.904979925336303,12.5378601112911,32.7674860886101,5.40959357610762,7.410016200605759,3.9585827991829197,,,,,,,,,,
1988-06,Mexico,25.2105340670227,18.7706684875018,0.053553975713272,1.07107951426544,12.3174144140525,10.429636770159698,25.973678220936797,4.43159149027326,6.0248222677431,3.3203464942228598,,,,,,,,,,
1988-07,Mexico,31.603173174589,22.1659359450737,0.0514290857194286,1.33715622870514,14.117284029983098,15.030150301503001,32.1688931175027,5.55434125769829,7.16150018643044,4.52575954330972,,,,,,,,,,
1988-08,Mexico,26.241881692118604,17.869053888011102,0.0877654906090925,0.912761102334562,12.480252764612901,10.6547305599438,25.539757767245803,3.54572582060733,7.31964191679832,2.9489204844655,,,,,,,,,,
1988-09,Mexico,32.2754600945431,21.0542016613888,0.11473679379503399,1.21621001422736,13.4815732709165,15.9139932993712,32.2410390564046,4.87631373628895,8.45610170269401,4.56652439304235,,,,,,,,,,
1988-10,Mexico,34.1978526929703,23.682233906243,0.02209163610657,1.61268943577961,15.022312552467598,15.3536870940661,34.418769054036005,5.56709229885565,9.8749613396368,4.68342685459285,,,,,,,,,,
1988-11,Mexico,28.080426628562602,18.2057104947564,0.0382740935418846,1.04615855681151,11.5332601872878,13.587303207369,28.0421525350207,4.069811946620391,8.39478451685336,4.01877982189788,,,,,,,,,,
1988-12,Mexico,27.5114397914545,18.326042447499898,0.07831642071581199,1.02930152940781,11.490137725019801,12.966961658518,27.1981741085912,4.37453149998322,8.44698537720545,3.89344491558608,,,,,,,,,,
1989-01,Mexico,26.0176633677909,18.8751996768448,0.0550832675394304,0.7895268347318358,12.265207572113098,10.704514991829301,26.1094688136899,4.57191120577272,7.19754695848557,3.39680149826487,,,,,,,,,,
1989-02,Mexico,28.924430904628895,19.7004315816197,0.0846238470000846,1.3709063214013701,12.422780739612401,13.7936870610138,29.2967758314293,4.94203266480494,8.53008377760853,3.77422357620377,,,,,,,,,,
1989-03,Mexico,24.564537740062498,17.5367154454457,0.118225047946825,1.03775319864435,10.3512597535664,11.3101962535796,24.827260068833198,4.88663531513543,7.29054462338754,4.1116044452618,,,,,,,,,,
1989-04,Mexico,26.475430169361502,18.7853776244277,0.0225514737388088,1.08247073946282,11.839523712874598,11.050222132016302,26.295018379450998,5.186838959926019,8.56956002074735,3.1121033759556096,,,,,,,,,,
1989-05,Mexico,29.1607576985414,21.677471636953,0.0379862236628849,1.1775729335494298,14.0422406807131,12.269550243111802,29.9078200972448,5.748581847649911,8.19236223662884,3.8366085899513704,,,,,,,,,,
1989-06,Mexico,35.4966652633445,27.6860694422902,0.0110788593206443,1.01925505749927,18.9116128603398,11.6438811459972,35.6185327158716,6.3814229686911395,9.48350357847155,3.9551527774700297,,,,,,,,,,
1989-07,Mexico,29.929509150876303,20.901506822738103,0.10347280605315899,1.31927827717777,12.8694302528616,13.774817305826799,30.343400375089,5.41938821703421,8.52357239862899,4.19064864515294,,,,,,,,,,
1989-08,Mexico,33.8046788319445,22.6859611435046,0.10622978683222697,1.3573806095229097,13.443969689100802,16.748896390547902,33.7928755222964,6.539033545006009,10.021009891173401,5.28788272231533,,,,,,,,,,
1989-09,Mexico,21.6165173672256,17.6607202102952,0.0,0.816680703366255,10.872061863563198,7.937115585840781,22.4842406145522,4.4662225965342,5.971977643365741,3.75162698108873,,,,,,,,,,
1989-10,Mexico,36.0560442637671,25.2508183582622,0.135186025627408,1.6512007415919099,16.4637266924807,15.739515840905302,36.0753565531425,6.66273983449368,10.4286362626857,4.239047517888,,,,,,,,,,
1989-11,Mexico,25.049073995049895,17.1545617478877,0.0426730391738499,1.13794771130266,10.767830218201402,11.393701459417901,25.063298341441197,4.3526499957326905,7.85183920798838,3.4138431339079904,,,,,,,,,,
1989-12,Mexico,35.9336899608717,24.9135209723456,0.132317637941137,1.2097612611761102,16.6909249002892,15.0653082055838,34.988563975577804,5.368315596469,10.0372379638205,4.8012400052927,,,,,,,,,,
1990-01,Mexico,31.333741035192105,20.937343637071198,0.0555957080113415,1.10079501862456,13.254016789903801,14.2769778173125,31.055762495135397,5.27047311947517,9.0843386890532,4.16967810085061,,,,,,,,,,
1990-02,Mexico,34.4054093307728,23.948230509787503,0.0968257298239385,1.1457711362499299,14.9595752577985,16.2505849887843,34.4699598173221,6.34208530346797,9.537334387657948,5.277002275404651,,,,,,,,,,
1990-03,Mexico,27.1409305461901,18.7776279313703,0.0468270023226193,1.2175020603881002,12.568367423390999,11.8285007866936,27.2158537499063,4.289353412751931,7.69835918183861,3.3621787667640604,,,,,,,,,,
1990-04,Mexico,33.8755717577466,25.7935825566598,0.15476149533995903,1.59920211851291,16.6110671664889,13.9285345805963,34.597792069333,6.362417030642769,9.268493998693119,4.50527908656326,,,1.0,,,,,,,
1990-05,Mexico,32.6306095527291,23.147571993926803,0.0746695870771834,1.4311670856460101,15.6432784926699,13.5774199168678,32.2448166861636,4.57973467406725,8.61189237623515,4.50506508699006,,,,,,,,,,
1990-06,Mexico,34.8601724804878,23.8127744783489,0.034132022663663,1.59282772430427,14.7336564498145,16.5426536509887,34.7691537533847,6.416820260768651,9.50007964138623,5.05153935422212,,,,,,,,,,
1990-07,Mexico,29.2433698221868,20.638424219336397,0.0448174250148457,1.42295324422135,13.691723342035301,12.9858488980515,29.601909222305604,4.90750803912561,7.70859710255347,3.6414157824562103,,,,,,,,,,
1990-08,Mexico,24.455965250757103,15.628536630056301,0.0754481078692376,1.04549520904515,10.0130417443602,11.8992444410911,23.9924983024175,3.5245044676058104,7.728041906034759,3.3628299507431603,,,,,,,,,,
1990-09,Mexico,55.8897047336354,41.126386502109,0.31245117950320195,3.08545539759412,26.9879706295891,23.394782065302202,54.7961256053742,10.232776128729801,14.1384158725199,7.9284486798937595,1.0,1.0,1.0,1.0,1.0,1.0,1.0,1.0,1.0,1.0
1990-10,Mexico,39.2334040809463,27.045201420556,0.252169710214974,1.49200411877193,17.6518797150482,18.408388845693104,39.443545506125396,7.375964023788001,10.486057116439301,4.98035177674574,,,1.0,,,,,,,
1990-11,Mexico,30.188595419508,22.5914654463868,0.188817557811493,1.44389897149965,15.2831152675655,12.206499766754698,30.4551613834772,5.475709176533299,9.14099118110935,3.4542506164337903,,,,,,,,,,
1990-12,Mexico,26.900584795321603,18.6800334168755,0.0835421888053467,1.01921470342522,11.645781119465301,12.6984126984127,27.4018379281536,4.594820384294059,7.151211361737679,3.94319131161236,,,,,,,,,,
1991-01,Mexico,31.7278685113908,22.9376885467596,0.26006449599500603,1.92447727036304,14.693644023717802,15.0577343181109,32.3520233017788,5.877457609487151,8.556121918235709,4.1870383855196,,,1.0,,,,,,,
1991-02,Mexico,28.2482393009601,19.017090724159697,0.354451447857109,1.26369646627317,12.236280417328,13.0992926381975,27.678034797885605,4.361293901894,8.12156143568247,3.6986238037263597,,,1.0,,,,,,,
1991-03,Mexico,30.5555164600074,20.604917594403897,0.337785534334492,1.4074397263937102,12.892147893766401,14.7358939353421,30.7666324189665,5.32012216576825,8.58538233100168,3.70156648041547,,,1.0,,,,,,,
1991-04,Mexico,47.650130548302705,33.7438982858439,0.17028039505051598,1.8163242138721698,21.8242706323078,20.547167669428898,46.3162674537403,8.939720740152119,11.5223067317516,6.215234419343849,1.0,1.0,,,1.0,1.0,1.0,1.0,,
1991-05,Mexico,60.004832603968,42.714849518082,0.48326039681048105,3.38282277767336,28.136494214299102,25.8544312293607,58.5550514135366,11.5714017236287,15.8670496952774,6.7924933551695394,1.0,1.0,1.0,1.0,1.0,1.0,1.0,1.0,1.0,1.0
1991-06,Mexico,27.5622586153546,18.9669596708573,0.16044558029728198,1.20334185222962,12.4689136688173,12.572057256151302,27.7341645942446,4.11428309476603,8.09104140642011,3.33497599046494,,,,,,,,,,
1991-07,Mexico,28.590079660550103,18.951255087157396,0.15299721545067801,1.4381738252363798,12.321375750961302,13.392356259116001,28.080088942381202,4.38592017625279,8.52704480778449,3.7127324282698,,,,,,,,,,
1991-08,Mexico,39.800485121792896,27.6724402992722,0.23914454579618,2.083973899081,19.0803184038809,16.9109357384441,39.441768303098605,6.9864370879027,10.898158586997301,4.0142120187216,,,,,,,,,,
1991-09,Mexico,35.5163331891975,26.0033806360312,0.275168049058532,2.3978929989386297,16.549392664806,15.6845787963363,35.3787491646683,6.91851094775738,9.98466920869531,4.59923739140689,,,,,,,,,,
1991-10,Mexico,36.5475056096885,25.059170688224203,0.268957673746657,1.8596502013340301,16.4371561184028,16.490947653152098,35.7867396182337,6.1168659514954005,10.473980266191198,4.64912550333507,,,,,,,,,,
1991-11,Mexico,40.1860052051855,27.7034277749682,0.24669125356160504,2.08454109259556,18.3661638276615,18.501844017120398,39.951648514301894,7.117042665252289,10.5583856524366,4.67479925499241,,,,,,,,,,
1991-12,Mexico,38.0764563106796,26.345064724919,0.151699029126213,1.64340614886731,17.4706715210355,16.5604773462782,37.3179611650486,6.80117313915857,9.83515372168284,4.57625404530744,,,,,,,,,,
1992-01,Mexico,26.7074833936754,18.2694100216839,0.107928845455705,0.8339956239759021,11.8034910075648,11.7053738753323,26.3836968573083,4.59188178847908,7.0546218075138,3.4340996281360603,,,,,,,,,,
1992-02,Mexico,28.752682153185898,19.8525981901297,0.0839630562552477,1.25011661535591,12.361227726467,13.6579904841869,28.752682153185898,5.33631868644462,7.9391734303573,4.17016512734396,,,,,,,,,,
1992-03,Mexico,25.669863849133,19.048448798878397,0.158407058618532,1.14845117498435,12.0230957491465,11.0409719857116,26.145085024988603,4.95022058182912,6.510530109221669,3.74632693632828,,,,,,,,,,
1992-04,Mexico,25.8720136669043,18.316469852675603,0.17611990242957398,1.1007493901848302,12.3900351359205,11.4742116432867,25.7399237400821,3.83941387296471,6.79822823378155,3.68971195589957,,,,,,,,,,
1992-05,Mexico,18.1170737802211,13.863726286416302,0.0364423897878011,0.8121446866995681,10.063305637116999,6.39824243560108,18.0910435018013,2.78003373524083,4.170050602861241,2.03556777243289,,,,,,,,,,
1992-06,Mexico,21.6416769281535,16.1205946028603,0.0241446748919525,0.997979895534039,10.9616824009464,8.94962615995041,21.842882552253105,4.16093230637982,5.07038172731004,2.63176956322283,,,,,,,,,,
1992-07,Mexico,18.0341029229197,12.642735252701199,0.0745754681804024,0.8203301499844259,8.080471316958901,8.14188640840159,18.0121689616902,3.1277828713309903,4.55349035125045,2.49169799567462,,,,,,,,,,
1992-08,Mexico,36.2766371779891,27.4300339397985,0.11127802815334101,2.05864352083681,19.1954598564513,14.688699716241,36.77738830467921,5.89773549212708,6.2315695765871,4.50676014021031,,,,,,,,,,
1992-09,Mexico,22.0210316174732,15.8393821852918,0.0612911416788519,0.7967848418250741,10.2268647829855,9.684000385258608,22.598919524731002,3.89636543529844,5.55122626062745,3.14335998038683,,,,,,,,,,
1992-10,Mexico,25.537995835862198,18.446669073978697,0.10756075261795098,1.12170499158721,12.430949838274698,10.855953103511801,25.4765325486519,4.60206362986808,6.261572384545049,3.3727978856629197,,,,,,,,,,
1992-11,Mexico,25.866936082964397,19.1959112114819,0.0965738567141116,0.9360235343060049,13.238047128042,10.474549074376698,26.3869491575788,4.32353727750869,5.920720292395919,3.21665230440079,,,,,,,,,,
1992-12,Mexico,42.4828379398338,29.9392588865327,0.359414872587427,2.08460626100708,19.2646371706861,18.4020414764763,41.620242245624,7.08047298997232,10.6746217158466,5.57093052510513,,,,,,,,,,
1993-01,Mexico,16.0560317580723,12.9206806746062,0.0252850893827909,0.733267592100938,7.68666717236845,7.63609699360288,17.674277478570897,3.71690813927027,3.84333358618422,3.0342107259349103,,,,,,,,,,
1993-02,Mexico,31.470091088365002,21.3165555451215,0.10564372241525,1.18555732932669,13.3697999812188,15.318339750211198,31.5170438538829,5.904310263874541,8.42802141046108,4.953516762137291,,,,,,,,,,
1993-03,Mexico,35.9547754388156,24.3862827159722,0.199887563245674,0.9994378162283709,15.8410893872196,16.328315322631,35.542507339621395,6.27147229683302,9.119870073083868,4.88475232681616,,,,,,,,,,
1993-04,Mexico,54.6149129840115,36.7872470876762,0.0471631372918926,2.12234117813516,24.807810215535497,23.6758949205301,52.634061217752,9.857095694005562,13.960288638400199,6.55567608357308,1.0,,,,1.0,1.0,1.0,1.0,1.0,1.0
1993-05,Mexico,41.1732200708613,29.9047598409413,0.162525868700768,2.0261558298029,20.4782594562968,16.9243604607066,40.5014464802315,6.7719111958653295,10.2607998439751,5.26583814590488,,,,,,,,,,
1993-06,Mexico,45.870859410776994,33.2264794179006,0.025441408436371004,2.41693380145524,21.421665903424397,20.4294509744059,45.6164453264133,8.47198900931155,11.779372106039698,6.25858647534727,,,,,,,,,,1.0
1993-07,Mexico,33.3450191467558,22.652499865163602,0.175287201337576,1.41578124157273,14.8859284828218,14.9668302680546,32.6169030796612,5.67660859716304,9.34415619438002,4.11250741599698,,,,,,,,,,
1993-08,Mexico,35.613450941448995,25.8776797710146,0.0584146270226064,1.73296726833732,17.1739003446462,15.6161769573767,35.8860525342212,7.1071129544171106,8.19751932550577,4.634227077126769,,,,,,,,,,
1993-09,Mexico,33.0325658577059,24.7562746318191,0.20742584526031896,1.31715411740302,16.718523127981697,12.9433727442439,32.8147687201826,6.07757726612736,7.75772661273594,4.0551752748392405,,,,,,,,,,
1993-10,Mexico,30.322448579997896,21.8318069758541,0.0801003924919232,1.29050632348098,14.4447707793768,12.9406634092506,30.5004494522022,5.188725424754581,7.68963767922463,4.0050196245961605,,,,,,,,,,
1993-11,Mexico,56.2346057333165,40.9588676757982,0.16189275761184999,2.56715658498791,27.151728205187503,24.387987557385102,55.9223839864936,11.0896538964117,14.165616291036901,7.1926639453265,1.0,1.0,,1.0,1.0,1.0,1.0,1.0,1.0,1.0
1993-12,Mexico,20.39457758412,14.524328249818401,0.0907770515613652,0.756475429678044,9.60219478737997,8.56330186395547,20.3038005325586,3.9336722343258304,4.74057935931574,2.37028967965787,,,,,,,,,,
1994-01,Mexico,22.2714766126567,15.943136655457002,0.0840721491898502,0.8789361051666149,10.2185875878936,9.1103638031183,21.8664017120147,4.295322531335979,5.816264139406901,2.79730969122592,,,,,,,,,,
1994-02,Mexico,22.523278248469,18.2451136649609,0.10485697508598199,0.650113245533092,11.953695159802,8.745071722170941,23.7186477644492,4.5717641137488405,5.15896317423034,3.69096552302659,,,,,,,,,,
1994-03,Mexico,35.7036443403301,26.723792497611104,0.10274430025994301,1.63363437413309,17.6411963546322,14.980118977899599,36.0940726813179,7.3462174685859205,8.43530705134132,4.30498618089161,,,,,,,,,,
1994-04,Mexico,33.9216921025335,22.2532967847088,0.250037042524818,1.3613127870795603,14.178026374277598,15.696769891835801,32.5140761594309,5.9453252333679005,10.1496518002667,4.58401244628833,,,,,,,,,,
1994-05,Mexico,36.81092297976,26.525518029533,0.0751857087004902,1.41349132356921,17.4581215602538,16.0747045201648,36.495143003218004,7.0824937595861694,8.69146792577666,5.12766533337343,,,,,,,,,,
1994-06,Mexico,37.086749377252104,26.493990181141,0.0725531451788435,1.4510629035768703,17.763428377953502,15.744032503808999,37.509976057462,7.11020822752665,8.017122542262191,3.89368545793126,,,,,,,,,,
1994-07,Mexico,34.2808527674907,25.322790511460198,0.100090081072965,1.6264638174356898,16.9652687418676,14.513061755579901,34.1307176458812,6.75608047242518,7.45671103993594,4.529076168551691,,,,,,,,,,
1994-08,Mexico,34.9243828082968,24.2692330683244,0.134496981289975,1.4495785761252902,15.4372646302827,16.0499731006037,34.7450534999101,6.78462550062765,8.09970709546297,4.707394345149139,,,,,,,,,,
1994-09,Mexico,36.5692693910297,26.5276016460053,0.116462641372706,1.5398949248168898,16.6412174228111,15.644814824400198,36.090478532053,7.00069877584823,9.847563342736631,5.68078884029089,,,,,,,,,,
1994-10,Mexico,28.705851541454702,20.5402574079617,0.0935348697994612,1.29078120323256,12.608500448967302,12.851691110446,28.780679437294303,6.48196647710266,7.65115234959592,4.06876683627656,,,,,,,,,,
1994-11,Mexico,36.134620816638204,24.856936612719302,0.125540083902622,1.4332492912216002,16.1109774341699,16.1946708234383,34.994298387856105,6.90470461464425,9.46781466098947,5.06345005073911,,,,,,,,,,
1994-12,Mexico,44.2257500658476,29.2723223906328,0.179584799942532,1.87965423939851,17.587338074372,21.8255393530158,43.6391063860353,9.02712927711131,11.5053995163182,6.237578718003969,,,,,,,,,,
1995-01,Mexico,54.95936774631699,36.1620080287659,0.35352619117393896,2.93054605841555,21.9418821548351,28.5286332956549,54.6011898947328,10.1127097317387,13.6340166622476,8.24274224684501,1.0,,1.0,1.0,,1.0,1.0,,,1.0
1995-02,Mexico,44.31592345309589,30.301676975638,0.29922068642118604,2.11687470692003,18.2703257932697,21.9413616774222,44.552620413996294,8.623808141482261,11.459705691892,6.92673559163075,,,1.0,,,,,,,
1995-03,Mexico,47.0144131777625,31.7501715854495,0.501029512697323,2.16884008236101,19.114619080301896,22.690459849004803,46.540837336993796,9.224433768016471,12.2237474262182,6.719286204529849,,,1.0,,,,,,,
1995-04,Mexico,43.169324340130395,29.991422667550395,0.360637841631252,1.6472377090724701,18.1586026745682,20.5368630355959,42.7502046863428,8.6650551678428,11.3649654957308,7.25174470739599,,,,,,,,,,
1995-05,Mexico,37.6088540401762,25.240259514970603,0.24286160358047304,1.44849599278354,15.733962460534899,17.399299170801,36.880269229434795,7.16441730562397,9.5409915692329,5.06539916039274,,,,,,,,,,
1995-06,Mexico,34.8000206031575,24.6594040536712,0.34767828169667,1.58386772772927,14.731257565221801,16.1412861521028,35.134821911458104,6.63164129902907,9.64485307373354,5.55641402044863,,,,,,,,,,
1995-07,Mexico,26.8223943453051,18.3867867945335,0.10318785994827699,1.0899217707036701,11.395809283037801,12.4857310537415,26.4418891117458,5.33997175232334,6.945832822768401,4.08881895045048,,,,,,,,,,
1995-08,Mexico,26.262210796915102,18.4061696658097,0.281062553556126,1.07626392459297,10.858611825192803,12.565552699228801,26.632390745501198,5.20308483290488,6.7592116538132,4.26392459297343,,,,,,,,,,
1995-09,Mexico,20.3828697525986,14.319829682122199,0.0993233059978321,0.682307928159021,9.275933099275802,8.47270984207594,19.847387581132,3.8520169108724396,5.54483151744418,2.75946054489629,,,,,,,,,,
1995-10,Mexico,39.923941553669,27.503759094311103,0.3371385032399,1.8812328480786398,16.8164685416062,18.508903827870604,39.4047482586795,7.66652956367535,10.842374264195199,5.812267795855889,,,,,,,,,,
1995-11,Mexico,28.2653373562464,19.5548559184922,0.148672875945603,1.41676505312868,11.7189208098299,13.756613756613701,28.6851195942105,6.05186059731514,7.11880711880712,4.18033145305872,,,,,,,,,,
1995-12,Mexico,26.6688688319133,19.0131061216955,0.223455002963207,0.8841045769413871,10.6092549232966,12.6883579943455,27.232364056777,6.05271594982949,7.063121180619639,4.64397788767014,,,,,,,,,,
1996-01,Mexico,28.803917938706398,19.2531008599942,0.0925629849038186,1.1107558188458202,11.4862249448829,13.615173597670697,28.080243693094697,6.08391255322371,8.01932041939446,4.43460845857385,,,,,,,,,,
1996-02,Mexico,37.3125991465022,24.2196751346158,0.0670286212212614,1.74274415175279,14.8580110373796,18.298813593404397,36.396541323145,7.93172017784927,10.367093415555098,5.20588958151797,,,,,,,,,,
1996-03,Mexico,29.584377675002898,19.2384670809136,0.27096432508329,1.1208069810263301,11.7192070598523,14.5520159129958,28.6236859769803,5.326912299932871,8.1042966320366,4.2615298399462995,,,,,,,,,,
1996-04,Mexico,26.734001683375396,19.067143345250198,0.116669583406251,1.03335916731251,12.066968340875098,11.4836204238439,26.425660641516,5.3501337533438305,6.758502295890731,3.7334266690000497,,,,,,,,,,
1996-05,Mexico,33.432965814842,23.5455967061897,0.128664462875353,1.17777469862823,15.3407628812921,14.1629881826639,32.690670836714894,6.542093073892991,8.63041627902374,4.27561907401175,,,,,,,,,,
1996-06,Mexico,27.6637209359333,19.0839226837608,0.0857979825217252,1.33599715640972,11.472415948619199,13.176118744407802,27.6024366627035,5.88329023006116,6.8883523110299505,4.04476203316704,,,,,,,,,,
1996-07,Mexico,29.364404884376302,21.2349599677953,0.13418616093393498,1.33067942926152,13.698170595339198,13.071968510980899,29.498591045310196,5.79236928031489,7.82752605447958,3.8690343069284703,,,,,,,,,,
1996-08,Mexico,27.648111100526098,19.307103616906396,0.137605453409969,1.35488446434431,11.474177807415801,13.337143945889302,27.9762471817345,6.541551554412361,6.32985085685857,4.054068358155241,,,,,,,,,,
1996-09,Mexico,44.5380917890303,30.7763218542174,0.237044840982419,2.0412194640152697,19.595706854546602,20.491209587146898,43.932310528741894,8.66530585369065,12.365839204582802,5.978797655889901,,,,,,,,,,
1996-10,Mexico,29.738287042603304,19.9524401159605,0.10687614390872699,1.05540192109868,12.7182611251386,13.446354855516699,28.696244639493298,5.838109361014251,7.92887392622873,4.141450576463201,,,,,,,,,,
1996-11,Mexico,25.7034110618616,17.970707265369,0.156581229523993,1.02380034688764,10.8041048371555,11.6472345345924,25.438427442667102,6.058489111582191,6.70890344960493,3.6013682790518398,,,,,,,,,,
1996-12,Mexico,28.4931876693439,20.3164624092412,0.14463547040276098,1.40778524525354,12.2650878901541,13.1714701713448,28.7342467866818,6.4603843446566795,5.95898138059378,4.2137133710671195,,,,,,,,,,
1997-01,Mexico,22.141859483104,15.1365865806255,0.0433092606026483,0.9203217878062769,9.528037332582631,10.0802304052663,21.719594192228104,4.6232635693327095,5.80344092075487,2.9775116664320693,,,,,,,,,,
1997-02,Mexico,25.835111202034,17.963780187236303,0.0487087315272135,0.9546911379333851,10.6087617266271,11.3004257143135,25.367507379372803,5.62098761824044,6.64387098031193,3.75057232759544,,,,,,,,,,
1997-03,Mexico,28.1673724697929,19.0217180154629,0.116554644702591,1.04899180232332,11.4378958001476,12.758848440110302,27.2582462411127,6.08415245347526,7.66152531178368,4.07164225494386,,,,,,,,,,
1997-04,Mexico,17.9857592207813,12.1958230332695,0.0328507017731166,0.821267544327915,7.218941714642369,8.590458513669981,17.805080361029102,4.0159982917635,4.58267289734976,2.5459293874165296,,,,,,,,,,
1997-05,Mexico,32.6328823170511,23.606575027814603,0.116642141908624,1.2830635609948602,14.8763593295768,14.580267738578,32.677744679323695,6.4153178049743405,8.21878476833076,5.132254243979469,,,,,,,,,,
1997-06,Mexico,27.836186383141303,19.616502646514,0.0856903677435089,1.08760851366761,13.0513021640113,11.719805680612199,27.163846574692197,5.253478699352041,7.16503305670725,3.70446051321938,,,,,,,,,,
1997-07,Mexico,31.5936418759206,21.239423109862603,0.205542804288993,1.1390497071015,13.7799321708745,14.122503511356198,30.463156452331198,5.592477133363019,8.37586927477646,4.47912027679764,,,,,,,,,,
1997-08,Mexico,33.1815623880902,22.561006804113102,0.0306952473525349,1.2175781449838798,14.303985266281199,15.0713664500946,32.3527907095718,6.93712590167289,7.89891031871897,4.56336010641019,,,,,,,,,,
1997-09,Mexico,22.3621722073095,15.3314061532108,0.134214329960768,0.8465826966756139,9.36403055957052,10.380962213504,22.155688622754504,4.39810035102209,5.30146603345034,3.2779269048110597,,,,,,,,,,
1997-10,Mexico,16.497461928934,11.6702459976571,0.0878563061304178,0.532018742678641,7.4677860210855,7.17493166731743,16.3607965638422,3.2409215150331803,4.05115189379147,2.3184303006638,,,,,,,,,,
1997-11,Mexico,15.6466977924326,11.149272239969301,0.16001005777506,0.537176622530559,7.13187686083125,6.87471783940704,15.720988176399601,2.92018355439484,3.7888095823166,2.1772797147249197,,,,,,,,,,
1997-12,Mexico,36.9386063295459,25.186521675525302,0.438874530648071,1.52386989808358,15.5556639196371,17.1648705320134,36.0730482274344,6.436826449505039,9.338274735456189,5.54688642902423,,,1.0,,,,,,,
1998-01,Mexico,19.5894780016283,14.251345246184599,0.177529644389757,0.7897008319406429,8.9805513213715,8.79077825323073,19.6139648491303,3.70975739655837,4.67698787288877,3.1526816158870603,,,,,,,,,,
1998-02,Mexico,29.5183348771318,22.067236963984104,0.12259576091102199,1.4439056285076002,13.2130986759657,13.3493161880891,30.172178935324002,6.688279845256901,6.81087560616792,4.944695690077911,,,,,,,,,,
1998-03,Mexico,48.3206133311781,33.6570102414298,0.415661189945617,1.7088293364430902,20.5059520373171,23.1500190511378,47.9280444295629,9.918137837869038,11.996443787597102,8.02457019478345,1.0,1.0,1.0,,1.0,1.0,1.0,1.0,1.0,1.0
1998-04,Mexico,39.00197942376779,27.8585567312627,0.14662398279611902,1.6128638107573101,17.9858752229906,17.619315266000303,39.0997287456319,7.5511351140001395,9.06624960289337,5.498399354854469,,,,,,,,,,
1998-05,Mexico,21.647933536325397,16.456742643245498,0.123233018233351,0.7239939821209429,11.3579765138406,8.26688163982068,21.663337663604604,3.8715706561644705,4.518544001889571,2.80868587390181,,,,,,,,,,
1998-06,Mexico,31.496370306767602,21.887440480836702,0.148310046054172,1.17867457653578,14.432909218640198,14.2221528374053,31.363671844508602,5.70603387713683,7.321832799937531,4.28537975177581,,,,,,,,,,
1998-07,Mexico,26.8308362649333,17.4556688512294,0.089287308701941,1.13394882051465,10.7055483133627,13.5805996535652,26.8040500723227,5.54474187039054,6.83047911569849,3.7768531580921,,,,,,,,,,
1998-08,Mexico,24.2517666091788,16.5366828955602,0.0992048350910395,1.3430808443094502,10.1417866027685,12.331924115932301,24.7630530669557,4.96024175455197,5.95229010546236,3.5179560751514702,,,,,,,,,,
1998-09,Mexico,22.1066916066091,15.495773046524,0.220058315453595,0.880233261814381,10.489446369954699,9.5450294327997,21.8499569052466,3.4934257578258197,5.2630613779318205,2.714052557261,,,,,,,,,,
1998-10,Mexico,14.177940860666801,10.0557407355536,0.130715292755571,0.37347226501591896,6.68982194709765,6.082929516446789,14.205951280543001,2.3061912364732997,3.0251253466289403,1.9327189714573798,,,,,,,,,,
1998-11,Mexico,20.265731133836,12.9973128312309,0.139956706725386,0.7464357692020601,7.91221915354184,9.824960812122141,19.6219302828992,3.83481376427558,5.0104501007688205,2.9297603941180803,,,,,,,,,,
1998-12,Mexico,48.1870730425642,31.686810299527,0.15764582238570599,2.73252758801891,18.9174986862848,25.564897530215397,48.791382028376105,10.5622700998423,11.140304781923199,6.9889647924329905,1.0,1.0,,1.0,1.0,1.0,1.0,1.0,1.0,1.0
1999-01,Mexico,18.8977347340774,12.1060407091266,0.129951849420004,0.937021230028452,7.87234624644342,9.89001969796453,18.8977347340774,2.84526154519588,4.520956445611731,2.64007441453272,,,,,,,,,,
1999-02,Mexico,18.4660116095639,12.2797430636463,0.0824835806122343,0.897008939158048,7.475074492983731,9.145367000381471,18.2907340007629,4.06231634515254,4.6500118570147,2.60854323686191,,,,,,,,,,
1999-03,Mexico,24.8217422754986,17.0438496779304,0.15845131066790602,1.03337811305156,10.8849161241431,11.3051565567841,24.635734215149302,4.8224311942406395,6.09693086700423,3.18280458819882,,,,,,,,,,
1999-04,Mexico,24.9496495609441,17.3527753162007,0.145009264480786,1.07951341335696,10.827358414565301,11.5362925964714,24.804640296463297,4.91420285184886,5.961491984210111,3.48022234753887,,,,,,,,,,
1999-05,Mexico,23.197221372397298,17.2314503212338,0.0989796102002987,0.998794248384832,11.6256051253441,9.484046286465,23.0892436158151,4.43608616624975,4.93098421725125,2.9333957204815797,,,,,,,,,,
1999-06,Mexico,23.997269771702598,17.036983816212498,0.134715212041743,1.2573419790562699,10.2473371293086,10.7861979774756,23.9793077434303,5.50536166543926,5.99033642878953,3.33195624449912,,,,,,,,,,
1999-07,Mexico,16.2776526692276,10.6133262683799,0.047688435554377996,0.593456086898927,6.517419525765001,7.69903298450125,15.8537554642998,3.0997483110345696,4.249569479401241,2.20426546562458,,,,,,,,,,
1999-08,Mexico,22.0251359301184,15.9015955076209,0.0891345039664854,1.00721989482128,9.58195917639717,10.0811123986094,22.3281932436044,5.40155094036901,4.92913806934665,3.2355824939834203,,,,,,,,,,
1999-09,Mexico,18.5053669622385,12.4789481159832,0.0946912052161326,0.7237113541518709,7.96758855318602,8.51544481193649,18.099547511312302,3.3750651002035803,4.62634174055961,2.42815304804225,,,,,,,,,,
1999-10,Mexico,21.9366258997016,14.6731815787933,0.0658318216396512,0.9143308561062671,8.91655450874832,10.6501258119258,21.8634794312131,4.61554216162443,4.96664521036923,2.9331733863888996,,,,,,,,,,
1999-11,Mexico,21.1301971501074,15.1766543041186,0.0243997657622486,1.0979894593011899,10.052703494046401,8.94658077949117,20.9268657687553,4.25369249788535,4.70102153685991,2.65144121283102,,,,,,,,,,
1999-12,Mexico,29.8436919752878,20.7454171027311,0.0337598325512305,1.26599372067114,12.761216704365099,13.7571317646264,29.6917727288073,6.380608352182571,7.00516525438034,4.16933932007697,,,,,,,,,,
2000-01,Mexico,14.9229255493604,10.027574310945901,0.0364418206333588,0.6620264081726851,6.942166830654861,6.06148949868202,14.297340961821101,2.53270653401844,3.77780207232486,1.5184091930566102,,,,,,,,,,
2000-02,Mexico,20.0361281365612,14.3408192725465,0.0236647182715289,0.891371054894257,9.5763226605454,8.63762216910807,19.9572457423227,4.07033154270298,4.953814358173389,2.55578957332512,,,,,,,,,,
2000-03,Mexico,23.891059449534,16.4992393730021,0.0670155945288468,0.904710526139432,10.9972590621837,10.327103116895302,23.5224736796253,4.3895214416394595,5.77004268893371,2.7878487324000196,,,,,,,,,,
2000-04,Mexico,19.5076597632126,12.5899894230441,0.0597086219250059,0.639735234910778,8.52127332901157,8.55539254154015,18.9446927564912,3.24985499334675,4.648742707018321,2.0386229485823404,,,,,,,,,,
2000-05,Mexico,27.6122322188729,20.149259455272,0.0767006450524248,1.05079883721822,13.5683441097739,11.7505388220314,27.873014412051102,5.27700437960683,5.60681715333225,3.39783857582242,,,,,,,,,,
2000-06,Mexico,34.9309624046869,24.906526923190103,0.0883210174581211,1.32481526187181,16.1038655165307,15.3236965289839,34.518797656549,7.227603261989571,7.801689875467349,4.695734094856769,,,,,1.0,,,,,
2000-07,Mexico,28.014067149598798,18.575851393188803,0.0,1.33758153235744,11.557305599807599,13.105293215906599,27.24758784454,5.861312332802299,7.24398088310438,3.7572514953860896,,,,,,,,,,
2000-08,Mexico,45.5982373790593,31.8038126257304,0.119743270428201,2.4667113708209603,19.8294855829102,20.8592777085927,45.550340070888005,10.034486061883301,11.1361241498227,5.915317559153169,1.0,1.0,,1.0,1.0,1.0,1.0,1.0,1.0,1.0
2000-09,Mexico,21.155338880339897,14.918360954884,0.10213391799327198,1.0690016749962499,9.552925796304109,9.21928833085941,20.923835332888398,4.03769422466738,5.004561981670361,2.7644247136845803,,,,,,,,,,
2000-10,Mexico,26.5080684257913,18.093358265807897,0.0692568737447191,1.2466237274049399,11.011842925410301,12.725950550592101,26.698524828589303,6.12923332640764,7.23734330632315,3.34164415818269,,,,,,,,,,
2000-11,Mexico,39.066969311114704,28.5666832752034,0.147631438114746,2.4912805181863398,18.490837623872,17.4574175570687,39.454501836166,7.806012290317219,9.891306353688,5.35163963165956,,,,1.0,1.0,,,,1.0,
2000-12,Mexico,23.376724406181804,15.688206617570698,0.0453791100508246,1.0307540711544398,10.2556788714863,10.6057462918784,22.825692355564698,4.21377450471942,5.9316979566435,2.9820558033399,,,,,,,,,,
2001-01,Mexico,23.9258594726218,16.5806927044952,0.12014994713402301,1.26557944314504,10.7574252667328,10.8375252314889,23.661529588926896,4.6938579347025,5.73515747653071,3.0277786677773797,,,,,,,,,,
2001-02,Mexico,21.3330698807876,15.4975959955212,0.07244945004281099,1.17236382796548,9.85312520582229,9.10228545083315,21.254034117104602,4.47869327537377,5.41394981229005,3.04946321543831,,,,,,,,,,
2001-03,Mexico,20.0318886795187,14.734019423104698,0.11595883461371198,0.7754747064792,9.75503696187853,8.211334976083469,19.9231772720683,4.073054065806629,4.65284823887519,2.5148572256848802,,,,,,,,,,
2001-04,Mexico,13.854223594435698,10.507575031973401,0.0225363539559752,0.6366519992563,6.952465195418349,5.532674896191901,14.0401485145725,2.8114101560079106,3.10438275743558,1.78600605101103,,,,,,,,,,
2001-05,Mexico,29.6395193591455,20.9479305740987,0.0667556742323097,1.24165554072096,14.6595460614152,12.176234979973199,28.931909212283,5.44726301735647,7.289719626168231,3.5113484646194904,,,,,,,,,,
2001-06,Mexico,17.948941946495896,13.809463010126901,0.114238866750441,0.9004710673270121,9.34742727352144,7.277687805336961,18.116940279952498,3.4876454025576002,3.92444106954458,2.49981520183319,,,,,,,,,,
2001-07,Mexico,14.8491553021491,10.5107135708837,0.0757333968051325,0.654552929530074,6.75650090068646,6.334557689915,14.7842409620304,3.02392634386207,3.40259332788774,1.8284205800096203,,,,,,,,,,
2001-08,Mexico,19.1687396219693,12.946692708499,0.0699821227486433,0.8143374283478491,7.79982568089424,9.11039997964156,19.117843532697602,4.10985920869305,4.8287664696563795,2.61478658633567,,,,,,,,,,
2001-09,Mexico,31.880475480751702,22.2472645316078,0.145406957722927,1.35713160541398,13.0381572091557,15.2434960679534,31.928944466659303,7.23399614671561,8.591127752129589,4.78631235837968,,,,,,,,,,
2001-10,Mexico,14.624496185181998,10.9637499845928,0.0431401067409498,0.6779159630720679,7.0688146331242,5.96566047503419,14.618333312790401,3.1923678988302795,3.11841343013151,2.08305086834872,,,,,,,,,,
2001-11,Mexico,19.8148107928095,13.7986954223949,0.050677265454755996,0.8180758566267758,8.477582549645621,9.15810582860948,19.720695871250697,4.0397020176791205,4.763662952747071,3.04063592728536,,,,,,,,,,
2001-12,Mexico,40.331706055413704,27.1895509359542,0.161650124470595,1.7134913193883101,17.652193592189,18.476609226988998,39.50729042061371,7.743040962141531,9.53735734376514,5.156638970612001,,,1.0,,,,,,,
2002-01,Mexico,34.0610613720451,24.3313469088033,0.12709351258225698,1.8781596859378,14.940548479114199,16.0843900923546,34.484706413986004,7.78094727031377,8.07749879967238,4.81543197672776,,,,,,,,,,
2002-02,Mexico,23.0477426439391,16.0972322743267,0.137263220943871,1.14801966607601,9.53355461828345,10.2073922483715,22.8106516259452,5.09121764955452,5.852404602061441,3.18201103097157,,,,,,,,,,
2002-03,Mexico,37.517325627833706,28.1908520685037,0.164446637066272,1.76192825428148,17.3256278337679,16.2449785044752,38.222096929546204,8.23407804167547,9.138534545539962,5.59118566025324,,,,,,,,,,
2002-04,Mexico,17.2206065641878,12.145132253150498,0.0692424871901398,0.49854590776900704,8.267552970502699,6.7857637446337,16.6874394128237,2.9566542030189704,3.4552001107879704,2.1326686054563,,,,,,,,,,
2002-05,Mexico,23.1544448996312,17.3207701761573,0.10651372388365402,0.7455960671855791,12.3637853338795,8.49651782056535,22.875870544858603,3.9819746005735297,5.32568619418271,2.47439573945104,,,,,,,,,,
2002-06,Mexico,38.3297022512709,27.9738562091503,0.130718954248366,1.88816267247639,18.6782861292665,17.5889615105301,38.8380537400146,7.71241830065359,8.23529411764706,5.24328249818446,,,,,,,,,,
2002-07,Mexico,17.679931423296303,13.336190695987598,0.041211961359665004,0.815996834921367,8.547360785994519,7.3439715142923,17.745870561471698,3.9068939368962403,4.05525699779103,2.77768619564142,,,,,,,,,,
2002-08,Mexico,19.4176392327254,14.104312972599699,0.0842048535677596,0.8588895063911479,9.07728321460449,7.915256235369401,19.240809040233103,3.81447986661951,5.08597315549267,2.58508900453022,,,,,,,,,,
2002-09,Mexico,16.0608622147083,11.5882170409921,0.0642006484265491,0.7383074569053141,7.47937554169297,6.890869597782941,16.0608622147083,3.08163112447435,3.93763977016168,2.17212193843158,,,,,,,,,,
2002-10,Mexico,24.599482370774002,18.6411023406193,0.0645020842235964,1.23360236077628,11.481370991800098,10.667032178477198,24.688172736581397,5.289170906334911,5.7487482564280405,4.21682375611762,,,,,,,,,,
2002-11,Mexico,19.044536160340897,12.8312337586433,0.053950527366405,0.908167210667817,7.54408207673563,9.12663087948352,18.999577387535602,3.9743555159918302,4.76562991736577,2.74248514112558,,,,,,,,,,
2002-12,Mexico,17.785080133748398,13.4132749144855,0.076866904954072,0.86475268073331,8.16710865137015,7.3023559706368495,17.7946884968677,3.9586456051347,4.1700295937584,2.8536838464199197,,,,,,,,,,
2003-01,Mexico,23.035601942217397,17.0185994741172,0.1532480521366,1.14532754754722,10.275685180106699,9.93692632801536,23.116258811763,5.137842590053389,5.62984949428143,3.53277088609636,,,,,,,,,,
2003-02,Mexico,15.114629721260002,11.9808675573148,0.0527791522348672,0.7916872835230079,7.64637968002638,5.77931716971796,15.319148936170098,3.45043707735444,3.5164110176480197,2.24971136401121,,,,,,,,,,
2003-03,Mexico,33.7805105272965,25.4704676728153,0.0558971492453884,1.6955468604434498,15.9120551518539,15.2971865101546,34.432643935159305,7.4529532327184596,6.7449226756102005,5.123905347493941,,,,,,,,,,
2003-04,Mexico,55.0044682752458,44.2359249329758,0.0446827524575513,3.3065236818588,27.792672028596897,22.0285969615728,57.1939231456658,14.075067024128598,13.2260947274352,7.5960679177837305,1.0,1.0,,1.0,1.0,1.0,1.0,1.0,1.0,1.0
2003-05,Mexico,16.915058068096197,13.664830155773098,0.059455388640057,0.80264774664077,9.82004835704942,5.9356296325657,17.083515002576302,2.69531095168258,3.2898648380831497,2.23948630544214,,,,,,,,,,
2003-06,Mexico,19.3616387507732,14.859198496895198,0.0572829548839447,1.09983273377173,9.119446417524001,7.9737873198450995,19.5793139793322,4.67428911852988,4.5597232087620005,2.74958183442934,,,,,,,,,,
2003-07,Mexico,21.254910431038,15.247647717915099,0.0809968006263752,0.978711340902034,9.20663633786464,9.34838073896079,20.9916708290022,4.562819768619129,5.05555030576291,3.0846281571877903,,,,,,,,,,
2003-08,Mexico,32.4902702644102,23.427251932395897,0.0216818620383118,1.5610940667584499,14.537688496688002,14.516006634649699,33.184089849636194,7.42603774812181,7.762106609715639,3.92441702893444,,,,,,,,,,
2003-09,Mexico,43.37756416954001,32.4591648382266,0.10448229025180199,2.71653954654686,19.8690488628843,19.555601992129,43.7084247553374,11.040295336607098,9.90840385887925,6.42566085048584,,,,1.0,,,,1.0,,
2003-10,Mexico,27.763959706504195,20.8929237657008,0.0414542138208348,1.33689839572192,13.037350246652501,11.6589976371097,27.743232599593803,6.4357666956846105,6.269949840401269,4.26978402354599,,,,,,,,,,
2003-11,Mexico,18.7350531725436,14.410013738360501,0.0610593802472904,0.997303210705744,8.67043199511524,7.85630692515136,19.294764158143803,4.71174884241591,4.07062534981936,2.86979087162265,,,,,,,,,,
2003-12,Mexico,28.449338293730804,21.3082088434825,0.0691077043572407,1.07116941753723,13.499038251114301,11.828935395814302,28.5875537024453,6.5767498646640705,5.64379585584132,3.81244169037444,,,,,,,,,,
2004-01,Mexico,47.7133411391967,36.6244231696396,0.137750533783318,2.63447895860596,21.2824574695226,21.1102693022934,48.4020938081133,12.1909222398236,11.5882636545216,7.937874509263719,1.0,1.0,,,,1.0,1.0,1.0,1.0,1.0
2004-02,Mexico,43.158742112233604,32.823495806175195,0.337583422057181,2.51889168765743,19.787582123659398,18.5151523020592,43.4703575787479,10.4131501726869,9.660079461943962,6.72570048560076,,,1.0,,,,,,,
2004-03,Mexico,60.0465987945096,41.91358962670321,0.25325431798612097,3.31763156561819,27.0475611609178,26.0851947525705,57.919262523426106,11.3204680139796,15.600465987945,7.97751101656283,1.0,1.0,1.0,1.0,1.0,1.0,1.0,,1.0,1.0
2004-04,Mexico,37.8085514219771,29.671791260806604,0.0586785588545945,2.0537495599108,19.011853068888602,15.510699057231099,38.6887298047961,9.05605758322575,7.4521769745335105,5.65270116965927,,,,,,,,,,
2004-05,Mexico,32.9562066992945,25.3130362931418,0.0476705014936757,1.71613805377232,16.811796860102902,12.918705904786101,33.035657535117195,7.21413589270959,7.611390071823549,4.54458780906375,,,,,,,,,,
2004-06,Mexico,40.3782315662408,29.594608188311,0.18106830298762697,2.21305703651544,17.925761995775,19.2938336183482,41.2835730811789,9.23448345236898,9.95875666431948,6.29715320390302,,,,,,,,,,
2004-07,Mexico,43.6296824439202,31.495091317940002,0.26051664564251603,2.27609279877145,18.976580924696897,20.0323589096692,43.4514342126911,9.899632534415609,10.338397411287199,6.96539242033675,,,1.0,,,,,,,
2004-08,Mexico,30.8775333245154,21.0014255691254,0.0440897667651338,1.32269300295401,13.6972208750349,13.4767720412092,29.9957379892128,5.7463662683890995,7.157238804873379,3.7917199418014995,,,,,,,,,,
2004-09,Mexico,21.021308731451303,14.799452206110198,0.0281786980314361,0.918625555824818,9.056633547303571,9.33842052761793,20.6324426986174,4.5198631642423495,5.5962894290432095,3.27436471125288,,,,,,,,,,
2004-10,Mexico,32.209114041175,22.5676613462872,0.111034004163775,1.3971778857275001,14.0550543603978,14.5454545454545,31.052509831135602,6.911866759195,7.99444829979179,5.20934536201711,,,,,,,,,,
2004-11,Mexico,28.7610932612419,20.3960311955952,0.0,1.1606346690068001,13.3614527749076,12.0734313739366,28.2940085773733,5.87394375168079,7.14781107132241,3.90652644690096,,,,,,,,,,
2004-12,Mexico,27.266559852191897,19.688505896447698,0.129909496384185,1.09701352502201,13.1208591348027,10.652578703503199,26.6025779817838,5.369592517213009,6.75529381197766,3.3054749635531606,,,,,,,,,,
2005-01,Mexico,24.223766872362,18.5961637576787,0.0696485533995459,1.05865801167309,11.464151889565198,10.572650406051,24.585939350039602,5.7111813787627606,5.7529705108024904,4.19284291465266,,,,,,,,,,
2005-02,Mexico,31.368884736034197,21.8914770072749,0.106787692718414,1.5617700060067998,13.2550223586731,14.1360208236,30.047387038643798,6.9545484882867195,8.62310618701194,5.08576386571447,,,,,,,,,,
2005-03,Mexico,38.544444267033,28.692778105989298,0.127736352169122,2.53875999936131,17.819221127592602,17.2124734547893,38.752015839307795,9.1810503121557,9.835699117022461,5.57249836337798,,,,,,,,,,
2005-04,Mexico,34.335164386597,25.926314684580603,0.0699765578531192,1.6794373884748601,15.8613531133736,15.441493766254899,34.8833140897798,8.51381453879616,7.079295102807221,5.3532066757636105,,,,,,,,,,
2005-05,Mexico,43.705160461002706,33.6523143519485,0.0329601511772267,2.3841176018194,21.742713059910496,18.677419000428397,44.265483031015606,9.92100550434524,10.206660147881198,6.47117634779551,,,,,,,,,,
2005-06,Mexico,27.8657510478399,21.887052773509698,0.052261348551838,1.65145861423808,14.6645344036457,11.246642208355501,28.7437417035108,5.92643692577843,6.27136182622056,3.7105557471805,,,,,,,,,,
2005-07,Mexico,41.2569681015796,27.1852740786621,0.0483895943016413,2.3517342830597703,16.51052957572,20.372019200991,40.3375658098484,8.80690616289872,10.8295912047073,6.11644471972746,,,,,,,,,,
2005-08,Mexico,38.9110198772408,24.5620096744034,0.0609731311735295,1.9816267631397,15.802203162472999,19.826429819926,37.7626925734726,6.58509816674119,8.5667249298809,5.61969025649363,,,,,,,,,,
2005-09,Mexico,64.7648316408337,41.0208444681987,0.10689470871191802,3.2602886157135202,24.8262960983431,34.6472474612506,62.7872795296632,12.720470336718302,14.7247461250668,10.903260288615698,1.0,1.0,,1.0,1.0,1.0,1.0,1.0,1.0,1.0
2005-10,Mexico,47.0513724168226,30.4822612444199,0.132798055019255,2.51294781036437,18.2954858876528,24.5982858835667,46.0809250916819,9.92920842143973,11.7066593116974,7.37539967106943,,,,,,,,,,
2005-11,Mexico,34.8512685300757,24.4029002987251,0.0420739660322847,1.4585641557858702,15.3990715678162,15.96005778158,34.3884549037206,7.32087008961755,8.34466992973647,4.8946047150891205,,,,,,,,,,
2005-12,Mexico,28.558130256989898,20.366368562784604,0.0398949433159347,1.03061936899498,14.5749526247548,11.0774959273912,27.228298813125402,4.59456763855181,6.702350477077019,3.52405332624089,,,,,,,,,,
2006-01,Mexico,19.230652199049302,14.903755454263198,0.0243425977203157,0.9615326099524709,10.795942088960002,6.949811649150139,19.0541683655771,3.62704706032704,4.02869992271224,2.35514632944054,,,,,,,,,,
2006-02,Mexico,30.875838779000897,22.7073373974825,0.0767510196921187,1.4911626683040202,14.001578878119302,13.486250603043699,30.7990877593088,6.85276961536774,7.7957107144423405,4.747598789526769,,,,,,,,,,
2006-03,Mexico,48.96192317390929,35.7653189879801,0.231150710263091,2.24846599983189,22.715810708581902,21.875262671261602,49.0669916785744,10.0235353450449,11.8096999243506,7.270740522820869,,,1.0,,,,,,,
2006-04,Mexico,65.9947263362823,46.280095615959,0.12321644200202002,3.72113654846102,28.4629981024667,32.258064516129,64.8364917814633,13.701668350624699,13.775598215825902,11.2126962221838,1.0,1.0,,1.0,1.0,1.0,1.0,1.0,1.0,1.0
2006-05,Mexico,54.2747893232357,39.6851913724616,0.11137097672346499,2.75952531214809,24.823353256363603,23.9200108896065,54.0644219227581,12.4488002870896,12.8942841939834,7.98158666518172,,,,,,,,,,
2006-06,Mexico,49.737453731600105,36.4896272703796,0.0774726693638633,2.26392356029956,24.7654299733149,21.3824567444262,49.9784798140654,10.1230954635448,11.672548850822,6.275286218472919,,,,,,,,,,
2006-07,Mexico,27.0292693364073,20.6540297190964,0.0567658322089332,1.366746575492,13.981861133308001,10.3794140892795,26.618808703511895,5.27048919047556,5.7551820654903,3.82077716790896,,,,,,,,,,
2006-08,Mexico,45.425684782729704,31.780156617245602,0.0891136533256101,2.03847481982333,18.981208158354896,22.5791719113764,45.8712530493577,10.2814877524422,10.1366780657881,7.74174863266238,,,,,,,,,,
2006-09,Mexico,25.357652627125397,18.504484315357303,0.0464936791843148,1.0786533570760999,12.102304691677102,11.000404495008901,25.413445042146602,5.1375515498667905,5.2723832195013,3.56141582551852,,,,,,,,,,
2006-10,Mexico,51.387343760224894,39.084483999738104,0.0654407434068451,2.7975917806426205,24.8020417511942,22.3480138734375,51.6491067338523,11.141286565015301,12.073817158562901,8.14737255415221,,,,,,,,,,
2006-11,Mexico,38.1548172570237,27.7143742779045,0.0704483331924366,1.67667032997999,17.5275452982782,17.2739312987854,38.366162256601,8.27063431679206,9.60915264744836,5.6640459886719,,,,,,,,,,
2006-12,Mexico,21.225804063806898,16.0134226531946,0.0616849871078376,0.777230837558755,11.954550501498899,7.229480489038581,20.756998161787397,3.23846182316147,4.768249503435849,2.17131154619588,,,,,,,,,,
2007-01,Mexico,39.587904225889396,31.447740786670398,0.0317975134344494,1.9714458329358602,20.000635950268602,15.358198988839,40.2556520080129,9.03049381538363,10.5885719736716,6.45489522719323,,,,,,,,,,
2007-02,Mexico,38.7876218736755,28.048608167302604,0.141302811925957,1.81338608638311,16.8856860251519,17.3095944609297,38.669869530403794,8.28976496632282,10.7861146436814,6.829635909754599,,,,,,,,,,
2007-03,Mexico,69.2304022138459,53.342239610668294,0.0954244000190848,4.2463858008492705,33.9233742067846,30.154110406030696,71.80686101436109,16.6515578033303,16.1744358032348,9.447015601889401,1.0,1.0,,1.0,1.0,,1.0,1.0,1.0,
2007-04,Mexico,49.488496568394794,40.0138127508957,0.086329693097941,2.9999568351534505,24.2802261837959,20.913368152976197,50.8697716579618,13.6832563560236,12.129321880260699,8.244485690853361,,,,,,,,,,
2007-05,Mexico,56.8271691090952,40.8234473133286,0.0697836706210746,3.16352640148871,24.6103745056989,26.5875785066294,56.5015119795302,13.3519423121656,15.887415678064599,9.304489416143278,,,,,,,,,,
2007-06,Mexico,42.734315144292104,31.6250957691325,0.0212820294543287,2.85179194688005,19.5794670979824,18.515365625266,42.3725206435684,9.57691325444794,12.2797309951476,6.61871116029624,,,,,,,,,,
2007-07,Mexico,49.70736130574549,37.7132965130656,0.144258511252163,2.9676036600445097,22.7104113428406,21.1853927953177,50.2019619157529,11.5200725414228,14.570109636468501,7.851784683867769,,,,,,,,,,
2007-08,Mexico,58.973359324236604,39.298245614035004,0.311890838206627,2.46913580246913,23.1319038336582,29.551656920077896,58.6874593892139,12.891487979207199,15.0227420402859,9.01884340480831,,,1.0,,,,,,,
2007-09,Mexico,61.1757420268059,44.8312469589065,0.42022382447914297,3.3396735524395003,27.336665634537898,27.8895917193789,60.9766886362632,13.646215773875301,16.4550802848675,10.2623081346485,,,1.0,,,,,,,
2007-10,Mexico,53.74979752713121,39.252740132822105,0.18897467739322896,2.05172506884077,25.6465633605096,23.405863614275603,54.1547432644024,11.203498731169999,13.6061767723125,6.91107391609524,,,,,,,,,,
2007-11,Mexico,47.7659169654121,35.0884220223908,0.30041457210951095,2.3632613005948198,21.669904468166,20.8287436662594,47.1450601830525,10.9751457010674,13.618793935631098,7.8508341511285495,,,,,,,,,,
2007-12,Mexico,48.039668716454,39.4021256176021,0.14218177940496898,2.59481747414068,25.3616749013614,19.1589947748196,50.0835317954004,12.032133082145501,10.894678846905698,6.87804357871538,,,,,,,,,,
2008-01,Mexico,41.54682007031,30.776605944391104,0.287631831255992,1.94950463406839,20.773410035155,16.8424416746564,41.0993927772451,8.78875039948865,10.9300095877277,4.6340683924576505,,,,,,,,,,
2008-02,Mexico,51.836658586611996,37.740070855864204,0.261047920939772,2.6104792093977203,21.5923923177326,23.7553608055193,51.87395114674629,12.530300205109,15.8493380570576,8.91292187208652,,,,,,,,,,
2008-03,Mexico,58.1017419566885,42.106416389730796,0.21911404886243202,2.8484826352116204,25.891976773910798,26.2206478472044,58.32085600555101,12.927728882883502,16.6161487054011,9.23930906036592,,,,,,,,,,
2008-04,Mexico,60.982979151978796,45.372142209688704,0.352502769664618,2.8452009265787,27.948433880551896,26.991640648605,60.5801188437907,15.1827978648403,16.366200020143,9.416859703897671,,,,,,,,,,
2008-05,Mexico,56.350380968042295,40.8649893109685,0.164446637066272,2.3022529189278,26.3388697034478,25.3247821082058,56.70668201501929,13.100915419612999,14.608342926053801,7.83862303349229,,,,,,,,,,
2008-06,Mexico,64.42175896565111,47.8509032139276,0.12274707964239599,3.13005053088112,31.3005053088111,28.027249851680498,64.7695423579712,13.686299380127199,16.448108672081098,9.12419958675149,,,,,,,,,,
2008-07,Mexico,66.4968061436877,45.3240508146128,0.287088207851862,3.5527165721667897,26.3762290963898,33.0869159549271,64.6666188186321,15.3951051460561,18.3018732505562,10.9452379243522,,,,,,,,,,
2008-08,Mexico,64.7417630296037,40.2251477826711,0.37681637267139206,2.6377146086997403,24.7285744565601,34.1725347966368,62.9754362827065,10.668613551258801,18.464002260898198,10.056286945667699,,,,,,,,,,
2008-09,Mexico,57.6349929873773,42.382538569425,0.30680224403927003,3.7985039738195403,27.349228611500696,26.662575970079498,59.300490883590406,12.549672744273,13.8791491351098,8.371318373071519,,,,,,,,,,
2008-10,Mexico,61.156375773044005,43.51951834036839,0.7853146166683019,2.86312620660318,25.8172180229704,30.7090736559667,62.41615130394939,11.9760479041916,15.2481921403095,11.1580118451621,,,1.0,,,,,,,
2008-11,Mexico,68.3623881518049,50.775223696389894,0.40496760259179204,3.08546744831842,31.2982104288799,31.4524838012958,69.3265967294044,14.964517124344301,15.6973156433199,11.7826288182659,,,,,,,,,,
2008-12,Mexico,42.124901806755794,31.667321288295398,0.196386488609583,2.1602513747054197,19.7368421052631,20.0314218381775,44.2360565593089,8.64100549882167,10.1139041633935,6.873527101335419,,,,,,,,,,
2009-01,Mexico,60.703857384355096,42.6848009835561,0.653142769325342,4.1109574304595,24.896265560165897,30.5824496695866,61.8564622713999,14.177040110650001,14.638082065467902,9.067158444751811,,,1.0,1.0,,,,,,
2009-02,Mexico,38.8415441550946,30.0139204834822,0.407428784843649,2.03714392421824,18.470104912912102,18.1645333242794,41.1842596679456,8.99738566529725,9.71038603877364,6.65467015244627,,,,,,,,,,
2009-03,Mexico,64.08979813524,51.6580670468602,0.24139283666757103,4.25454874626595,28.605051145107197,31.1095018255332,68.52539150900661,17.5311547629824,13.5481729579674,13.8197398992184,,,,1.0,,,,1.0,,1.0
2009-04,Mexico,65.8937699088822,48.3554337358323,0.7778353952144599,3.18542114230683,27.2427587228683,33.7247203496555,68.560634121046,14.426994592191999,14.1677161271205,14.964071412697198,,,1.0,,,,,,,1.0
2009-05,Mexico,56.217924951704596,45.4855894003551,0.487833434152243,3.10262064120826,26.6552188420785,24.8404784670322,59.788865689699,13.210529396842698,11.6104357328233,11.161628973403301,,,,,,,,,,
2009-06,Mexico,58.3204214440657,40.0371862410907,0.30988534242330296,3.12984195847536,25.441586612953202,27.8896808180972,57.79361636194611,10.7840099163309,13.975828943290901,8.70777812209482,,,,,,,,,,
2009-07,Mexico,40.307818745564,30.669804624752498,0.298853151032911,1.86783219395569,17.2587694721506,19.724307968172102,42.6612873099481,8.25581829728417,10.3104337106354,9.45123090141581,,,,,,,,,,
2009-08,Mexico,53.000394788787794,37.6694301881826,0.7566785103303059,1.90814580865903,22.996446900907998,26.944334780892202,54.678247137781106,11.2514804579549,12.0081589682853,9.0143439926306,,,1.0,,,,,,,
2009-09,Mexico,52.7860162806841,37.0417113649271,0.283965419322269,2.55568877390042,21.5498201552344,25.272922319681896,52.407395721587704,11.642582192212998,13.724995267243,9.33930712437685,,,,,,,,,,
2009-10,Mexico,42.560586432430796,30.2379222092325,0.284369174381497,2.18016367025814,19.937438781636,18.705172359316197,41.675882334355,8.18351290720086,11.4063635501911,5.75057663749249,,,,,,,,,,
2009-11,Mexico,53.8620354627157,39.369281839527204,0.283377864140555,2.044368877014,24.309772488057604,23.8442231398268,52.7690065581736,12.286454538094,13.5414136507165,8.80495506436726,,,,,,,,,,
2009-12,Mexico,52.459799395000495,37.17560897946171,0.451095897680836,2.4677599108422203,22.8466804648941,25.340975428541004,52.7782200286576,11.914238709335,12.126519131773,8.04012099984079,,,,,,,,,,
2010-01,Mexico,41.644840230487,28.141551714102697,0.349222978872009,1.80431872417205,17.228333624352402,19.4400791572085,40.160642570281,7.82841510971421,12.0772946859903,6.63523659856818,,,,,,,,,,
2010-02,Mexico,59.118355104779205,46.09495244484779,0.394648565452464,3.39397766289119,29.6775721220253,25.9284107502269,61.05213307549629,12.983937803385999,11.997316389754902,8.95852243577094,,,,,,,,,,
2010-03,Mexico,59.0721125943122,43.7282356355194,0.19950667440510697,2.9019152640742796,27.4593731863029,26.6613464886825,59.28975623911779,13.094892629135199,14.509576320371401,9.467498549042359,,,,,,,,,,
2010-04,Mexico,76.4865376127122,52.0419530445384,0.231204153267335,4.0355634024843905,32.2424701010992,38.5480379174812,75.66681379658259,15.0913256405406,17.5084599701536,12.9474325829707,1.0,,,,,1.0,1.0,,,
2010-05,Mexico,79.1883853108338,55.835321141443394,0.16933180198486303,4.08605000441735,32.9608033689666,39.2039932856258,78.253379273787,17.7283034425891,17.036251730129198,13.679064699472802,1.0,1.0,,,,1.0,1.0,1.0,,
2010-06,Mexico,82.4666735507723,61.312799028357496,0.15243377735817498,4.59759941386753,38.137947651290496,38.236292023779605,83.1157464092006,18.218295003614102,17.0676658454911,13.5518545290042,1.0,1.0,,1.0,1.0,,1.0,1.0,,
2010-07,Mexico,82.6930068335725,58.8217170814666,0.332743842698429,4.196269571807971,36.6079846198401,37.8157215303751,80.4315810878257,17.0562028998009,19.995440176970398,13.322077553963,,,,,1.0,,,,1.0,
2010-08,Mexico,72.9607869927584,52.8340357551997,0.15765079298348803,3.75208887300703,31.351487697983103,33.3904379539029,71.4368293272513,17.9827004529832,16.6689438447875,12.6330835444102,,,,,,,,,,
2010-09,Mexico,69.57472902648401,50.4270387925794,0.265172859557824,3.3146607444728,31.0583711757101,31.0583711757101,67.9505452616923,16.0429580032483,17.379871170185698,11.1814555780215,,,,,,,,,,
2010-10,Mexico,59.137264095651,43.0547415308873,0.19927323877622696,2.6374399249794798,25.5538623842456,26.9839409213456,58.6332200210994,13.9725706247802,15.906693236431801,9.916774117922868,,,,,,,,,,
2010-11,Mexico,63.321630833098205,48.1126515132101,0.140942521077313,2.9726058990851496,28.880403864387603,26.6637623965353,62.0915870127871,15.759936447735901,15.888066012351599,10.916638905261,,,,,,,,,,
2010-12,Mexico,69.1344723205582,47.7143296906264,0.0256528654250679,3.23226104355856,30.424298394130602,31.9891231850597,67.8261761838798,14.878661946539399,15.3404135241906,9.51721307270022,,,,,,,,,,
2011-01,Mexico,80.9884822860476,55.98483743986,0.3280361568741789,3.79064003499052,34.2251057005394,36.448461874908794,78.69222918792829,16.7298440005831,22.5251494386936,12.6476162705933,,,,,,,,,1.0,
2011-02,Mexico,80.0586736663323,56.8208137111094,0.540415347795877,2.9336833166061904,34.2005712962248,34.9725932216475,77.6654056975219,18.3741218250598,21.2306029491237,13.124372732185499,,,,,,,,,1.0,
2011-03,Mexico,81.0299129117758,61.8452606335983,0.12621481761958803,3.78644452858765,37.990660103496104,34.8352896630064,81.597879591064,19.310867095797,20.257478227943896,13.0001262148176,,,,,,,,,,
2011-04,Mexico,77.83451687544859,58.5653873773238,0.159578712199792,3.35115295619564,37.022261230351795,32.9131093912072,78.4728317242478,18.511130615175897,16.2371339663289,11.529561956435002,,,,,,,,,,
2011-05,Mexico,74.6221990620113,61.0734757686294,0.10422094841063,2.3970818134444998,38.4575299635226,27.3058884835852,77.0192808754558,20.010422094841,16.050026055237,10.8389786347055,,,,,,,,,,
2011-06,Mexico,79.4358507734302,58.6897179253866,0.36396724294813393,4.64058234758871,37.3066424021838,34.5768880800727,79.25386715195609,17.7434030937215,18.1073703366697,12.101910828025401,,,,,,,,,,
2011-07,Mexico,72.9112417230862,52.6002529573693,0.223197678744141,3.34796518116211,31.3220742504278,33.479651811621196,73.6552339855667,16.7398259058105,17.6326166207871,12.0526746521836,,,,,,,,,,
2011-08,Mexico,72.1397185605427,52.616941987874604,0.6118249068357521,3.39284721063462,32.259858724066895,31.0362089103954,71.305411869403,15.851827131653499,17.3535791757049,10.9572278769675,,,1.0,,,,,,,
2011-09,Mexico,78.8342331533695,58.0383923215357,0.49990001999600003,3.74925014997,34.743051389722,36.0927814437112,78.3343331333734,18.546290741851603,19.1461707658468,14.1471705658868,,,,,,,,,,
2011-10,Mexico,77.07989515581,52.082322104650004,0.29123386079021396,3.4462673526842003,32.5211144549072,36.9381613435588,76.157654596641,16.6974080186389,20.434909232113302,10.096107174060698,,,,,,,,,,
2011-11,Mexico,82.0330322109682,54.9320193448308,0.456246007847431,3.6499680627794504,33.670955379140395,39.6934026827265,80.84679259056479,15.603613468382099,18.0673419107582,12.774888219728,,,,,,,,,,
2011-12,Mexico,68.36870545853229,50.2780170725976,0.0783146683373795,2.1144960451092403,31.4824966716265,30.699349988252802,69.3867961469183,16.524395019187,14.3315843057404,10.1809068838593,,,,,,,,,,
2012-01,Mexico,80.389204216379,57.3960384570833,0.23166917641607698,2.83794741109695,37.9937449322367,33.4182786980192,79.28877562840259,16.6801807019576,17.5489401135178,10.4830302328275,,,,,,,,,,
2012-02,Mexico,77.89714623251,58.5889910289069,0.29534463026544105,2.9165282238712202,37.102669177096,31.897220068667604,78.08173662642591,17.9052682098423,18.1267766825414,11.223095950086698,,,,,,,,,,
2012-03,Mexico,77.83657652402191,58.4191007958665,0.0833368057002375,4.33351389641235,36.2931788824534,33.8347431142963,78.16992374682279,19.5841493395558,15.8339930830451,11.958831617984,,,,,,,,,,
2012-04,Mexico,76.9339207048455,55.4008810572686,0.24669603524229,2.92511013215859,34.4317180616739,35.453744493392,76.3700440528631,17.3039647577092,16.2114537444934,12.4405286343612,,,,,,,,,,
2012-05,Mexico,72.6419577096698,53.991446899501106,0.475172249940603,3.32620574958422,33.2620574958422,33.4996436208125,74.12687099073409,17.165597529104303,15.740080779282401,11.819909717272502,,,,,,,,,,
2012-06,Mexico,74.6534255618382,58.3507936052353,0.34442180190006005,4.735799776125821,35.9920782985563,33.4089147843059,77.6671163284637,18.397864584828202,14.9823483826526,12.313079417927101,,,,1.0,,,,,,
2012-07,Mexico,79.2065158781961,61.4410988449642,0.36893038567414904,4.05823424241564,39.1066208814598,34.4808014303147,81.5336152339868,17.226211084939102,16.1477991883531,12.6855294151034,,,,,,,,,,
2012-08,Mexico,72.25695604448029,50.589414403665295,0.143177587934901,3.14990693456784,29.4945831145897,35.7466711210804,72.35240776977021,17.0381329642533,15.8449863981291,11.9314656612418,,,,,,,,,,
2012-09,Mexico,72.6146807083974,50.25046345600121,0.0788861278744132,2.9976728592277,31.436121957953603,32.8166291957558,70.8002997672859,16.250542342129098,16.9605174929988,10.4129688794225,,,,,,,,,,
2012-10,Mexico,73.7891562557694,50.895439719367296,0.246168995015077,2.46168995015077,32.9251030832666,32.6789340882516,71.7582620468951,15.693273432211198,17.6626253923318,10.4621822881408,,,,,,,,,,
2012-11,Mexico,71.49955281725141,52.2706946238696,0.14906091622776502,2.88184438040345,34.0852628440823,29.3153135247937,71.0026830964922,14.111100069561699,16.5457617012819,9.639272582728811,,,,,,,,,,
2012-12,Mexico,78.8286896892569,55.600172978315896,0.12355593995181299,3.5213442886266697,33.2365478470377,36.3254463458331,78.5815778093532,18.1627231729165,18.533390992771896,11.9231482053499,,,,,,,,,,
2013-01,Mexico,75.3419647428864,52.5930802428498,0.365737692926633,2.8527540048277302,35.33026113671271,31.0145563601785,72.05032550654671,15.5804257186745,20.042425572379397,9.72862263184843,,,,,,,,,,
2013-02,Mexico,80.51178030894059,60.0717740677172,0.15603058199407,3.7967441618557203,38.383523170541395,37.655380454569,82.0720861288813,18.5676392572944,15.7590887814011,12.066365007541402,,,,,,,,,,
2013-03,Mexico,79.55711096361541,57.955711096361505,0.12067821154890401,3.9522114282266303,36.927532733964796,34.604477161648504,80.1001629155855,17.4078320159295,19.0068183189525,9.92578289989742,,,,,,,,,,
2013-04,Mexico,82.6852070076202,58.5670516144238,0.27496268363579196,4.1244402545368795,38.0626914918689,37.5913268913505,81.1139916725586,16.183517951135098,19.797313221777,11.9019561630921,,,,,,,,,,
2013-05,Mexico,78.0055365146323,53.0912206696546,0.131821776957553,3.1966780912206603,35.2952807803849,34.603216451357696,77.2805167413658,14.8299499077247,20.300553651463197,9.161613498549961,,,,,,,,,,
2013-06,Mexico,80.2777439395782,59.690583505908,0.203029195598327,3.81694887724854,39.7125106590327,33.9464815040401,80.48077313517649,16.4859706825841,20.587160433670302,10.8417590449506,,,,,,,,,,
2013-07,Mexico,80.5982550893227,56.62057095376571,0.23740281322333603,2.73013235206837,38.3405543355688,33.5924980711021,78.8770846934536,17.745860288444398,20.179239123983603,8.96195619918096,,,,,,,,,,
2013-08,Mexico,86.8119470340243,60.5070957781604,0.11875779348019698,3.08770263048512,38.596282881064,35.2116857668784,82.5366664687372,19.6544148209726,26.2454723591235,10.5100647229974,1.0,,,,,,,1.0,1.0,
2013-09,Mexico,86.76588649416401,58.358549990736705,0.49404063484221505,3.48916198357314,37.7323534860742,38.7513122954363,85.0984993515716,17.600197616253897,22.633236583709003,9.72642499845612,1.0,,,,,,,,,
2013-10,Mexico,87.5861787622893,61.1920205605188,0.40794680373679204,4.20185207848896,38.714151674621604,38.999714437237294,85.587239423979,18.683963611145,21.4580018765552,11.912046669114302,1.0,,,,,,,,,
2013-11,Mexico,77.07241312366541,53.8730343622597,0.1941370607649,2.8473435578852,36.0124247718889,32.1943959101791,75.0339739856339,14.1396492590435,19.769624021225603,8.995017148773698,,,,,,,,,,
2013-12,Mexico,83.986409966025,60.4756511891281,0.0906002265005662,3.2163080407701004,40.317100792752,35.56058890147229,82.6274065685164,16.0362400906002,21.1551528878822,11.053227633069,,,,,,,,,,
2014-01,Mexico,84.2811315252261,57.567804024496795,0.349956255468066,4.0828229804607705,34.8789734616506,42.344706911636,82.47302420530771,17.5561388159813,21.872265966754103,14.8731408573928,,,,,,1.0,,,,1.0
2014-02,Mexico,85.6056350200945,50.473186119873894,0.302493409964997,2.72244068968497,33.4471284732725,41.0094637223976,79.7718335421981,13.2232833498984,25.3230197484983,10.2847759388099,,,,,,1.0,,,1.0,
2014-03,Mexico,78.9998266597333,61.579129831859895,0.26001040041601603,4.16016640665626,40.2149419310105,31.461258450337898,79.86652799445329,18.2007280291211,16.423990292945,10.7470965505286,,,,,,,,,,
2014-04,Mexico,80.1241825748068,61.0344144263161,0.39632736640465,3.8972191029790597,37.585045247374296,34.7446991214743,80.2562916969417,18.2971134156813,17.1081313164674,13.2769667745557,,,,,,,,,,
2014-05,Mexico,92.5811300733927,67.4683880095498,0.6189760367848609,4.2444071093819,41.648244760809895,38.9070651693341,90.9010522592623,19.718808029003398,22.9021133610398,12.7332213281457,1.0,1.0,1.0,,,,1.0,,,
2014-06,Mexico,87.2087158277006,65.5200242106324,0.151316453142338,4.84212650055482,43.5286996872793,36.0133158478765,87.9148592756982,18.813679007363998,20.1755270856451,10.440835266821301,,,,1.0,1.0,,,,,
2014-07,Mexico,79.177483262741,64.0797923213554,0.0,4.30386664844924,43.3802432026233,28.350867604864,80.2022134171337,17.625358655554,18.7184041535728,9.905724825795868,,,,,,,,,,
2014-08,Mexico,90.12539184952959,68.1818181818181,0.0,2.54702194357366,45.650470219435704,33.5031347962382,88.5579937304074,19.2006269592476,23.3150470219435,11.5595611285266,,1.0,,,1.0,,,,,
2014-09,Mexico,81.47916013788749,63.04188864514771,0.156690692572861,4.33510916118249,39.0159824506424,33.7929593648804,81.8970019847485,19.847487725895697,19.7430272641805,11.856262404679802,,,,,,,,,,
2014-10,Mexico,83.0079304375829,60.585322652067205,0.28179219838170694,2.89843404049756,37.8809226681695,38.72629926331471,83.8935630610682,19.4034056599975,17.1088120446036,12.9624411255585,,,,,,,,,,
2014-11,Mexico,82.5325786494667,64.0055284980912,0.131630906936948,3.9489272081084597,41.891536132683896,33.7633276293273,82.4996709227324,17.3423719889429,20.5344214821639,12.4720284322759,,,,,,,,,,
2014-12,Mexico,90.3267136450992,62.9938073884262,0.10676916506512898,3.6835361947469503,41.800128122998,41.4798206278027,89.09886824685009,16.8161434977578,21.7809096732863,12.0649156523596,,,,,,,,,,
2015-01,Mexico,76.0120947421466,57.030068872837106,0.0,2.09978162271123,36.5362002351755,32.588610784478306,76.09608600705499,17.8901394254997,20.409877372753197,12.0947421468167,,,,,,,,,,
2015-02,Mexico,87.15279954856109,60.3799611260894,0.0626998557903316,2.82149351056492,37.996112608941004,38.43501159947329,84.4567057495768,19.5623550065834,22.5719480845193,12.3518715906953,,,,,,,,,,
2015-03,Mexico,83.0375490379227,58.8922099757146,0.280216700915374,4.53016999813189,37.0820100878012,37.4556323556884,81.8699794507754,17.0932187558378,20.8761442181954,11.769101438445698,,,,,,,,,,
2015-04,Mexico,80.5383314543403,56.4402480270574,0.281848928974069,3.17080045095828,35.0901916572716,36.147125140924395,79.62232243517451,18.4611048478015,19.7998872604284,11.133032694475698,,,,,,,,,,
2015-05,Mexico,73.8394866238854,49.3374447870656,0.0833402783565297,2.6668889074089503,32.0026668889074,33.4194516209684,72.0893407783983,15.584632052671001,20.335027918993198,9.16743061921826,,,,,,,,,,
2015-06,Mexico,73.83785916233809,52.1401801564863,0.0,2.82727332500493,31.757511999474,34.256032612269,73.5748569925702,15.714379643632,17.0951410349135,12.032349266881402,,,,,,,,,,
2015-07,Mexico,77.7918283695981,54.5938167705925,0.0436052849605372,2.39829067282954,35.974360092443206,34.6225962586665,77.31217023503221,13.997296472332401,21.1049579208999,10.5960842454105,,,,,,,,,,
2015-08,Mexico,77.4945561675419,55.975406686307004,0.19213526322531,3.07416421160496,34.6483924682976,37.9146919431279,79.0316382733445,18.0607147431791,18.3168950941462,11.7842961444857,,,,,,,,,,
2015-09,Mexico,73.0748519116855,52.7194399569197,0.0,3.06946688206785,31.1793214862681,33.9256865912762,71.8362950996231,16.9628432956381,17.8244480344641,13.785675821217,,,,,,,,,,
2015-10,Mexico,64.2341761013668,45.3452220332023,0.117322696075555,2.34645392151111,26.045638528773303,30.9731917639466,64.8794509297824,18.243679239748896,15.4865958819733,10.735026690913301,,,,,,,,,,
2015-11,Mexico,79.443550241435,58.6341687744309,0.114968958381237,3.1041618762934,36.2152218900896,37.7098183490457,80.70820878362859,17.7052195907105,17.590250632329198,14.3711197976546,,,,,,,,,,
2015-12,Mexico,78.280232956492,53.785542994176105,0.4282288454950321,3.34018499486125,33.9157245632065,36.2281603288797,76.3103802672148,19.441589585474397,21.7540253511476,11.476533059266801,,,,,,,,,,
2016-01,Mexico,81.515295233578,56.675361631491604,0.652122361868627,4.68342423523832,36.578136115721996,37.5859615840645,81.0410244249462,17.607303770452898,22.1128764524543,10.5525254920559,,,1.0,,,,,,,
2016-02,Mexico,89.94563347326401,69.1624802147134,0.412910329640079,4.54201362604087,40.8781226343679,41.9792168467414,93.5930080517514,23.6735255660312,18.5121464455302,16.1035028559631,,,,,,,1.0,1.0,,1.0
2016-03,Mexico,84.31603773584891,55.5424528301886,0.35377358490566,4.952830188679241,30.188679245282998,46.3443396226414,84.08018867924521,19.693396226415,17.4528301886792,15.448113207547099,,,,,,1.0,,,,1.0
2016-04,Mexico,77.4434893346071,56.9086278255334,0.31836994587710904,3.5020694046482004,36.134988857051795,35.418656478828396,79.35370900986979,17.4307545367717,17.1123845908946,10.824578159821698,,,,,,,,,,
2016-05,Mexico,89.9826288361318,57.209033005211204,1.8529241459177699,3.35842501447597,33.236826867400104,44.35437174290671,85.8135495078168,17.2553561088592,26.635784597568,12.3914302258251,,,1.0,,,1.0,,,1.0,
2016-06,Mexico,78.9187509709494,56.2373776604008,0.4660556159701721,3.1847133757961696,36.7407177256486,35.497902749728105,78.21966754699409,15.224483455025599,17.4770855988814,10.7969551033089,,,,,,,,,,
2016-07,Mexico,86.50700170134779,53.7887711032586,0.0,4.58055228373249,35.859180735505795,41.3558434759847,83.6277974087159,15.312131919905699,27.4833137023949,8.63761287789556,,,,,,,,,1.0,
2016-08,Mexico,80.196708908644,55.6080953281635,0.283714772082466,4.16114999054284,33.2891999243427,37.0720635521089,79.4401361830908,17.968602231889502,18.252317003972003,12.199735199546001,,,,,,,,,,
2016-09,Mexico,82.7967879620919,61.057657527309395,0.18085799030601102,5.17253852275193,37.690805179772795,39.824929465383704,83.73724951168309,19.9305505317225,17.868769442233898,13.094118498155199,,,,1.0,,,,,,
2016-10,Mexico,80.08817046289501,53.6370315944159,0.12245897624295801,3.79622826353171,31.594415870683303,40.533921136419295,76.5368601518491,19.838354151359198,19.3485182463874,15.0624540778839,,,,,,,,,,
2016-11,Mexico,86.88524590163901,62.228169956506996,0.133824021411843,4.1820006691201,40.147206423553,42.2883907661424,87.8554700568749,17.664770826363302,19.7390431582468,13.4827701572432,,,,,,,,,,
2016-12,Mexico,82.9755918066971,60.5298663068808,0.183981356555868,3.43431865570955,36.6736170734698,37.1029069054335,82.6076290935854,20.789893290813104,16.6196492088801,13.430639028578401,,,,,,,,,,
2017-01,Mexico,84.54725946416221,63.778526334575204,0.35692774443973496,3.9038972048096,38.4366564793539,39.507439712673204,86.9342137551029,20.6348852254221,14.990965266468802,14.165569857451901,,,,,,,,,,
2017-02,Mexico,86.4953689871524,60.9501045712578,0.18673438900507897,4.369584702718851,39.7744248580818,39.84911861368379,85.78577830893309,17.5903794442784,18.822826411711898,12.8099790857484,,,,,,,,,,
2017-03,Mexico,84.87406523833529,61.6598614488231,0.22938936550901504,4.40427581777308,36.6105427352387,37.115199339358504,83.4059732990776,21.883745469559997,20.0945084185897,12.570537229893999,,,,,,,,,,
2017-04,Mexico,83.1714312147286,58.099731705060606,0.185030992691275,4.34822832824498,34.045702655194695,39.7816634286242,83.0789157183829,19.7058007216208,18.8731612545101,12.952169488389302,,,,,,,,,,
2017-05,Mexico,71.2331595519539,52.70221442213389,0.103236463118773,4.387549682547871,32.4162494192948,33.1905228926857,72.7300882671761,16.5694523305631,16.0016517834098,11.1495380168275,,,,,,,,,,
2017-06,Mexico,71.89976535175091,53.3935449594899,0.0885465090538805,3.49758710762828,31.9652897684508,33.1606676406782,71.855492097224,17.9306680834108,16.9566564838181,12.485057776597099,,,,,,,,,,
2017-07,Mexico,72.8658806843365,52.388972608811294,0.0886446237035723,3.5457849481428902,32.2666430281003,32.798510770321805,73.2204591791508,17.817569364418002,18.7040156014537,11.3465118340572,,,,,,,,,,
2017-08,Mexico,80.47110698537941,59.7586446971455,0.174054304943142,4.64144813181712,35.507078208401,38.930146205616104,81.573450916686,20.074263170109,16.245068461359903,14.736597818519302,,,,,,,,,,
2017-09,Mexico,72.1602201498241,52.7951893186567,0.152881822351322,4.99413953014319,31.1878917596697,36.895479794119204,75.0140141670487,18.4477398970595,15.237221627681699,12.638230647709301,,,,,,,,,,
2017-10,Mexico,83.4919124643196,58.325404376783894,0.0475737392959086,4.4243577545195,35.5375832540437,40.4852521408181,83.4443387250237,20.409134157944802,17.2692673644148,13.4633682207421,,,,,,,,,,
2017-11,Mexico,81.0158079625293,60.4508196721312,0.0,4.1715456674473,37.3243559718969,35.641100702576104,80.9426229508196,19.467213114754102,16.173887587822,13.2464871194379,,,,,,,,,,
2017-12,Mexico,80.27093241101,56.348176970745,0.28822596915982107,3.74693759907767,36.0282461449776,38.0458279290963,79.55036748811051,15.99654128837,17.4376711341691,13.402507565931598,,,,,,,,,,
2018-01,Mexico,77.9058896852602,55.624805235275794,0.15581177937052,3.42785914615144,34.9018385789966,35.525085696478705,76.50358367092551,17.6067310688688,16.2044250545341,12.776565908382599,,,,,,,,,,
2018-02,Mexico,71.2969786293294,45.7811348563006,0.0,4.05305821665438,27.6344878408253,35.6484893146646,70.09948415622691,14.093588798820901,18.6072218128224,9.21149594694178,,,,,,,,,,
2018-03,Mexico,75.62962962962959,57.55555555555549,0.148148148148148,3.7037037037037,34.1481481481481,35.77777777777771,77.925925925926,19.2592592592592,14.0,11.9259259259259,,,,,,,,,,
2018-04,Mexico,74.91590144558609,52.73206655150471,0.0909173561232839,4.7277025184107595,31.457405218656202,35.185016819710896,73.279389035367,17.637967087916998,17.8198018001636,12.2738430766433,,,,,,,,,,
2018-05,Mexico,74.0567265157428,58.3398386677074,0.156128024980484,5.7767369242779,35.38901899557629,34.4002081706999,76.81498829039809,19.7241738225344,14.9882903981264,12.9586260733801,,,,1.0,,,,,,
2018-06,Mexico,74.12471777912029,56.5077749864852,0.127198142907113,4.3565363945686295,35.4246827996311,34.66149394218839,76.9866759945303,18.2529335071707,13.578401755334301,12.306420326263199,,,,,,,,,,
2018-07,Mexico,87.575909775809,63.9240217341673,0.0913200310488105,5.5248618784530406,40.1351536459522,41.0483539564402,87.53024976028459,20.4556869549335,20.1817268617871,15.1591251541025,,,,1.0,,,,,,
2018-08,Mexico,75.1280591918043,49.2057743053759,0.0517410875976613,4.34625135820354,30.682464945413102,36.7879132819372,72.4375226367259,15.8327728048843,18.782014797951,10.606922957520501,,,,,,,,,,
2018-09,Mexico,81.67461753577899,65.2245435104457,0.164500740253331,5.428524428359919,38.3286724790261,36.272413225859395,83.4841256785658,23.852607336732998,17.0258266162197,15.2985688435597,,,,,,,,1.0,,
2018-10,Mexico,82.40071993908221,61.51787156471371,0.11537485289706201,4.614994115882499,36.781503103583496,39.642799455430705,83.9467429679029,19.406050257285898,17.1677781110828,14.3987816415534,,,,,,,,,,
2018-11,Mexico,86.3471474112344,64.30691436737389,0.21985269869187601,4.83675937122128,36.1657689348136,43.4758711663186,89.3701220182477,22.809717489282104,18.6874793888094,15.224799384412401,,,,,,1.0,,,,
2018-12,Mexico,87.1359883879159,66.1344461580331,0.181438809761408,6.03284042456681,38.5557470742991,41.0505307085185,89.08645559285108,23.768484078744397,18.0985212737004,14.242946566270499,,,,1.0,,,,1.0,,
2019-01,Mexico,84.10009963077971,65.4046767860281,0.17581902361835502,5.68481509699349,36.218718865381206,42.489597374435796,88.730000586063,23.735568188478,16.820019926156,16.644200902537598,,,,,,,,,,1.0
2019-02,Mexico,71.04202648244092,53.1375935521012,0.0,4.43293033966609,31.0305123776626,33.793897524467305,72.65400115141041,19.1709844559585,15.7167530224525,11.917098445595801,,,,,,,,,,
2019-03,Mexico,83.72412215486659,63.4793549125014,0.285943040146402,4.575088642342441,34.0844103854512,43.1202104540775,88.4135880132676,24.7626672766784,19.2725609058675,16.4703191124328,,,1.0,,,,,1.0,,
2019-04,Mexico,82.9856281872972,62.4014835419563,0.0927213722763097,5.00695410292072,34.0287436254056,40.7974038015762,82.8001854427445,22.160407974038,17.0607324988409,17.8952248493277,,,,,,,,,,1.0
2019-05,Mexico,78.9737422329127,62.1367007416316,0.35077169773501693,3.80837843255161,34.375626378031605,38.9356584485869,82.3812387251957,23.2010422930446,16.2357185808779,15.7847263980757,,,1.0,,,,,,,
2019-06,Mexico,91.52374158732121,65.8747635145613,0.279130353875259,5.92376639890828,39.574481282758995,43.6994076233602,90.7173650094593,19.2910089011568,20.0663709952548,16.189560524765,1.0,,,,,,,,,
2019-07,Mexico,83.97939278747592,59.0206572300306,0.750262591907167,5.00175061271445,34.3620267093482,43.015055269344394,85.17981293452729,19.306757365077697,19.206722352823398,13.504726654329,,,1.0,,,,,,,
2019-08,Mexico,102.334505916213,67.1570195075152,0.7994883274704191,7.355292612727849,36.776463063639206,54.04541093700029,98.0172689478735,25.2638311480652,27.822193795970502,17.5887432043492,1.0,,1.0,1.0,,1.0,1.0,,1.0,
2019-09,Mexico,107.266009852216,69.8275862068965,0.6157635467980289,5.78817733990147,40.394088669950705,58.0049261083744,105.172413793103,24.0147783251231,27.463054187192103,17.8571428571428,1.0,,1.0,,,1.0,1.0,,1.0,
2019-10,Mexico,80.49113233287851,58.66302864938599,0.5457025920873121,6.8212824010914,32.1964529331514,45.8390177353342,81.85538881309671,20.7366984993178,21.0095497953615,16.9167803547066,,,,1.0,,,,,,
